Temperature,Time
150.50344848632812,2024-08-16 05:59:11.751
156.55886840820312,2024-08-16 05:59:11.818
125.19400024414062,2024-08-16 05:59:11.876
133.96786499023438,2024-08-16 05:59:11.918
63.087860107421875,2024-08-16 05:59:11.979
147.6756591796875,2024-08-16 05:59:12.025
18.565826416015625,2024-08-16 05:59:12.076
80.6865234375,2024-08-16 05:59:12.138
-0.175567626953125,2024-08-16 05:59:12.205
141.9676513671875,2024-08-16 05:59:12.252
119.22625732421875,2024-08-16 05:59:12.297
56.850677490234375,2024-08-16 05:59:12.339
6.511566162109375,2024-08-16 05:59:12.393
-43.237213134765625,2024-08-16 05:59:12.439
170.66317749023438,2024-08-16 05:59:12.504
201.40121459960938,2024-08-16 05:59:12.551
62.529541015625,2024-08-16 05:59:12.595
123.11129760742188,2024-08-16 05:59:12.640
117.447021484375,2024-08-16 05:59:12.701
137.56893920898438,2024-08-16 05:59:12.750
201.21121215820312,2024-08-16 05:59:12.816
68.9423828125,2024-08-16 05:59:12.887
111.94790649414062,2024-08-16 05:59:12.933
58.38177490234375,2024-08-16 05:59:12.984
178.7506103515625,2024-08-16 05:59:13.032
34.583587646484375,2024-08-16 05:59:13.090
122.28488159179688,2024-08-16 05:59:13.155
114.30795288085938,2024-08-16 05:59:13.216
88.49874877929688,2024-08-16 05:59:13.279
58.355621337890625,2024-08-16 05:59:13.309
128.92062377929688,2024-08-16 05:59:13.368
97.9306640625,2024-08-16 05:59:13.434
86.14947509765625,2024-08-16 05:59:13.488
24.11297607421875,2024-08-16 05:59:13.552
120.46881103515625,2024-08-16 05:59:13.596
99.67929077148438,2024-08-16 05:59:13.640
37.568939208984375,2024-08-16 05:59:13.697
165.61447143554688,2024-08-16 05:59:13.761
32.5733642578125,2024-08-16 05:59:13.822
33.104705810546875,2024-08-16 05:59:13.890
157.77059936523438,2024-08-16 05:59:13.931
26.993377685546875,2024-08-16 05:59:13.994
87.232421875,2024-08-16 05:59:14.044
147.97457885742188,2024-08-16 05:59:14.097
135.42782592773438,2024-08-16 05:59:14.149
88.60574340820312,2024-08-16 05:59:14.214
138.39517211914062,2024-08-16 05:59:14.294
160.95315551757812,2024-08-16 05:59:14.361
110.32260131835938,2024-08-16 05:59:14.412
59.766571044921875,2024-08-16 05:59:14.443
93.74966430664062,2024-08-16 05:59:14.504
152.79421997070312,2024-08-16 05:59:14.550
59.619232177734375,2024-08-16 05:59:14.600
122.84054565429688,2024-08-16 05:59:14.644
73.70492553710938,2024-08-16 05:59:14.709
156.80206298828125,2024-08-16 05:59:14.757
-19.715927124023438,2024-08-16 05:59:14.834
189.01922607421875,2024-08-16 05:59:14.900
213.106689453125,2024-08-16 05:59:14.951
72.16336059570312,2024-08-16 05:59:14.998
65.303955078125,2024-08-16 05:59:15.058
202.50613403320312,2024-08-16 05:59:15.118
101.21914672851562,2024-08-16 05:59:15.169
192.94326782226562,2024-08-16 05:59:15.217
234.58853149414062,2024-08-16 05:59:15.267
136.44070434570312,2024-08-16 05:59:15.331
140.2366943359375,2024-08-16 05:59:15.424
94.68292236328125,2024-08-16 05:59:15.474
18.75518798828125,2024-08-16 05:59:15.519
52.278350830078125,2024-08-16 05:59:15.569
-32.55766296386719,2024-08-16 05:59:15.638
117.19647216796875,2024-08-16 05:59:15.686
215.73818969726562,2024-08-16 05:59:15.755
53.3812255859375,2024-08-16 05:59:15.792
-9.829315185546875,2024-08-16 05:59:15.857
241.44290161132812,2024-08-16 05:59:15.911
-34.37493896484375,2024-08-16 05:59:16.000
128.19784545898438,2024-08-16 05:59:16.053
29.88330078125,2024-08-16 05:59:16.106
57.70806884765625,2024-08-16 05:59:16.140
107.1961669921875,2024-08-16 05:59:16.191
155.76025390625,2024-08-16 05:59:16.249
87.20639038085938,2024-08-16 05:59:16.312
103.97439575195312,2024-08-16 05:59:16.358
84.53506469726562,2024-08-16 05:59:16.409
-57.55494689941406,2024-08-16 05:59:16.490
24.21588134765625,2024-08-16 05:59:16.568
58.591217041015625,2024-08-16 05:59:16.618
66.27963256835938,2024-08-16 05:59:16.662
94.04238891601562,2024-08-16 05:59:16.704
150.44461059570312,2024-08-16 05:59:16.757
83.51681518554688,2024-08-16 05:59:16.819
117.11221313476562,2024-08-16 05:59:16.868
130.4031982421875,2024-08-16 05:59:16.901
101.79949951171875,2024-08-16 05:59:16.956
41.7308349609375,2024-08-16 05:59:17.034
135.85629272460938,2024-08-16 05:59:17.101
165.14871215820312,2024-08-16 05:59:17.165
285.0523986816406,2024-08-16 05:59:17.217
83.8775634765625,2024-08-16 05:59:17.266
98.20486450195312,2024-08-16 05:59:17.316
-5.292510986328125,2024-08-16 05:59:17.370
70.707275390625,2024-08-16 05:59:17.416
161.09603881835938,2024-08-16 05:59:17.467
94.03530883789062,2024-08-16 05:59:17.519
69.6207275390625,2024-08-16 05:59:17.596
98.7298583984375,2024-08-16 05:59:17.652
102.85794067382812,2024-08-16 05:59:17.701
99.15188598632812,2024-08-16 05:59:17.749
17.596771240234375,2024-08-16 05:59:17.816
30.07794189453125,2024-08-16 05:59:17.864
85.0028076171875,2024-08-16 05:59:17.915
175.88912963867188,2024-08-16 05:59:17.983
129.54891967773438,2024-08-16 05:59:18.029
151.5897216796875,2024-08-16 05:59:18.107
160.84744262695312,2024-08-16 05:59:18.173
144.24270629882812,2024-08-16 05:59:18.218
37.595428466796875,2024-08-16 05:59:18.276
212.55044555664062,2024-08-16 05:59:18.325
-29.046356201171875,2024-08-16 05:59:18.370
100.94677734375,2024-08-16 05:59:18.417
56.3431396484375,2024-08-16 05:59:18.464
35.687652587890625,2024-08-16 05:59:18.532
164.1240234375,2024-08-16 05:59:18.585
142.822509765625,2024-08-16 05:59:18.680
48.7012939453125,2024-08-16 05:59:18.740
135.22085571289062,2024-08-16 05:59:18.792
107.1265869140625,2024-08-16 05:59:18.829
-80.37823486328125,2024-08-16 05:59:18.886
116.27877807617188,2024-08-16 05:59:18.938
134.36929321289062,2024-08-16 05:59:18.987
104.06295776367188,2024-08-16 05:59:19.043
122.272705078125,2024-08-16 05:59:19.098
18.192138671875,2024-08-16 05:59:19.132
117.77474975585938,2024-08-16 05:59:19.214
132.3729248046875,2024-08-16 05:59:19.263
83.78045654296875,2024-08-16 05:59:19.323
63.905059814453125,2024-08-16 05:59:19.387
17.313934326171875,2024-08-16 05:59:19.440
66.97027587890625,2024-08-16 05:59:19.489
230.67019653320312,2024-08-16 05:59:19.560
45.28802490234375,2024-08-16 05:59:19.614
117.74832153320312,2024-08-16 05:59:19.665
41.429840087890625,2024-08-16 05:59:19.745
12.231689453125,2024-08-16 05:59:19.795
225.11376953125,2024-08-16 05:59:19.845
-0.580902099609375,2024-08-16 05:59:19.904
76.009521484375,2024-08-16 05:59:19.938
26.67376708984375,2024-08-16 05:59:19.986
47.53472900390625,2024-08-16 05:59:20.041
77.96835327148438,2024-08-16 05:59:20.090
43.03955078125,2024-08-16 05:59:20.150
19.103973388671875,2024-08-16 05:59:20.202
1.956573486328125,2024-08-16 05:59:20.281
100.3355712890625,2024-08-16 05:59:20.334
102.36581420898438,2024-08-16 05:59:20.387
53.832305908203125,2024-08-16 05:59:20.447
277.9935607910156,2024-08-16 05:59:20.494
110.130615234375,2024-08-16 05:59:20.569
56.571868896484375,2024-08-16 05:59:20.608
103.01583862304688,2024-08-16 05:59:20.652
82.21890258789062,2024-08-16 05:59:20.714
9.2027587890625,2024-08-16 05:59:20.762
206.86453247070312,2024-08-16 05:59:20.822
93.24261474609375,2024-08-16 05:59:20.883
133.98007202148438,2024-08-16 05:59:20.949
115.88641357421875,2024-08-16 05:59:21.009
36.152191162109375,2024-08-16 05:59:21.055
88.479736328125,2024-08-16 05:59:21.107
201.64306640625,2024-08-16 05:59:21.162
108.76113891601562,2024-08-16 05:59:21.210
29.22125244140625,2024-08-16 05:59:21.266
128.74600219726562,2024-08-16 05:59:21.344
204.80670166015625,2024-08-16 05:59:21.400
120.60397338867188,2024-08-16 05:59:21.453
67.54476928710938,2024-08-16 05:59:21.502
96.50747680664062,2024-08-16 05:59:21.567
86.21841430664062,2024-08-16 05:59:21.600
96.90786743164062,2024-08-16 05:59:21.650
18.383758544921875,2024-08-16 05:59:21.695
-13.41015625,2024-08-16 05:59:21.739
125.813720703125,2024-08-16 05:59:21.786
-6.443359375,2024-08-16 05:59:21.841
64.29708862304688,2024-08-16 05:59:21.916
43.71258544921875,2024-08-16 05:59:21.965
160.36996459960938,2024-08-16 05:59:22.020
199.54379272460938,2024-08-16 05:59:22.074
122.52401733398438,2024-08-16 05:59:22.130
73.59817504882812,2024-08-16 05:59:22.173
107.38287353515625,2024-08-16 05:59:22.225
142.97164916992188,2024-08-16 05:59:22.276
54.47412109375,2024-08-16 05:59:22.322
190.87637329101562,2024-08-16 05:59:22.373
200.37503051757812,2024-08-16 05:59:22.454
121.66641235351562,2024-08-16 05:59:22.508
-7.38153076171875,2024-08-16 05:59:22.559
208.11865234375,2024-08-16 05:59:22.610
123.49591064453125,2024-08-16 05:59:22.674
64.5321044921875,2024-08-16 05:59:22.722
144.16445922851562,2024-08-16 05:59:22.771
102.4111328125,2024-08-16 05:59:22.818
101.51992797851562,2024-08-16 05:59:22.852
-0.633270263671875,2024-08-16 05:59:22.900
141.93585205078125,2024-08-16 05:59:22.992
88.479736328125,2024-08-16 05:59:23.057
39.174072265625,2024-08-16 05:59:23.110
223.04452514648438,2024-08-16 05:59:23.154
8.003326416015625,2024-08-16 05:59:23.203
74.89517211914062,2024-08-16 05:59:23.271
70.75228881835938,2024-08-16 05:59:23.340
93.73553466796875,2024-08-16 05:59:23.373
1.060211181640625,2024-08-16 05:59:23.437
105.71395874023438,2024-08-16 05:59:23.479
169.46701049804688,2024-08-16 05:59:23.581
74.67947387695312,2024-08-16 05:59:23.627
-21.3280029296875,2024-08-16 05:59:23.675
135.45230102539062,2024-08-16 05:59:23.727
-25.565475463867188,2024-08-16 05:59:23.768
109.57406616210938,2024-08-16 05:59:23.825
131.47885131835938,2024-08-16 05:59:23.874
39.4056396484375,2024-08-16 05:59:23.920
86.67437744140625,2024-08-16 05:59:23.974
151.86447143554688,2024-08-16 05:59:24.025
148.40060424804688,2024-08-16 05:59:24.125
102.76727294921875,2024-08-16 05:59:24.184
66.76141357421875,2024-08-16 05:59:24.234
182.02993774414062,2024-08-16 05:59:24.278
152.21774291992188,2024-08-16 05:59:24.329
135.28427124023438,2024-08-16 05:59:24.378
71.99261474609375,2024-08-16 05:59:24.442
36.51483154296875,2024-08-16 05:59:24.491
156.57852172851562,2024-08-16 05:59:24.542
161.7677001953125,2024-08-16 05:59:24.608
34.319427490234375,2024-08-16 05:59:24.672
186.06283569335938,2024-08-16 05:59:24.733
74.35208129882812,2024-08-16 05:59:24.787
215.50216674804688,2024-08-16 05:59:24.835
111.85186767578125,2024-08-16 05:59:24.888
130.398193359375,2024-08-16 05:59:24.939
149.51788330078125,2024-08-16 05:59:25.011
121.15194702148438,2024-08-16 05:59:25.063
143.33078002929688,2024-08-16 05:59:25.103
45.340667724609375,2024-08-16 05:59:25.153
170.058837890625,2024-08-16 05:59:25.229
121.39590454101562,2024-08-16 05:59:25.283
114.95513916015625,2024-08-16 05:59:25.332
127.00067138671875,2024-08-16 05:59:25.384
117.2542724609375,2024-08-16 05:59:25.431
75.62307739257812,2024-08-16 05:59:25.481
67.89349365234375,2024-08-16 05:59:25.529
36.176544189453125,2024-08-16 05:59:25.591
113.87759399414062,2024-08-16 05:59:25.628
110.73287963867188,2024-08-16 05:59:25.673
65.77389526367188,2024-08-16 05:59:25.746
162.134521484375,2024-08-16 05:59:25.813
137.1495361328125,2024-08-16 05:59:25.860
110.73782348632812,2024-08-16 05:59:25.924
131.71200561523438,2024-08-16 05:59:25.956
66.64749145507812,2024-08-16 05:59:26.008
196.29351806640625,2024-08-16 05:59:26.060
68.66473388671875,2024-08-16 05:59:26.126
43.815826416015625,2024-08-16 05:59:26.175
96.27163696289062,2024-08-16 05:59:26.227
40.235015869140625,2024-08-16 05:59:26.307
170.49288940429688,2024-08-16 05:59:26.361
56.521759033203125,2024-08-16 05:59:26.391
58.426910400390625,2024-08-16 05:59:26.454
126.18179321289062,2024-08-16 05:59:26.504
86.65048217773438,2024-08-16 05:59:26.552
38.826629638671875,2024-08-16 05:59:26.619
13.366485595703125,2024-08-16 05:59:26.654
27.53253173828125,2024-08-16 05:59:26.721
-50.3631591796875,2024-08-16 05:59:26.775
83.56671142578125,2024-08-16 05:59:26.848
39.984344482421875,2024-08-16 05:59:26.895
48.109649658203125,2024-08-16 05:59:26.941
256.7046203613281,2024-08-16 05:59:27.003
140.55630493164062,2024-08-16 05:59:27.066
130.38375854492188,2024-08-16 05:59:27.116
85.05978393554688,2024-08-16 05:59:27.162
147.66839599609375,2024-08-16 05:59:27.222
48.658050537109375,2024-08-16 05:59:27.268
72.90817260742188,2024-08-16 05:59:27.335
126.69778442382812,2024-08-16 05:59:27.415
100.92767333984375,2024-08-16 05:59:27.464
104.6058349609375,2024-08-16 05:59:27.513
192.31118774414062,2024-08-16 05:59:27.577
134.01400756835938,2024-08-16 05:59:27.644
73.90170288085938,2024-08-16 05:59:27.687
27.661865234375,2024-08-16 05:59:27.730
117.09515380859375,2024-08-16 05:59:27.782
153.99203491210938,2024-08-16 05:59:27.825
173.6383056640625,2024-08-16 05:59:27.888
108.99847412109375,2024-08-16 05:59:27.975
148.18505859375,2024-08-16 05:59:28.040
180.34561157226562,2024-08-16 05:59:28.084
82.94021606445312,2024-08-16 05:59:28.149
110.02749633789062,2024-08-16 05:59:28.199
61.148406982421875,2024-08-16 05:59:28.251
99.45022583007812,2024-08-16 05:59:28.316
47.930084228515625,2024-08-16 05:59:28.355
130.81826782226562,2024-08-16 05:59:28.416
68.14028930664062,2024-08-16 05:59:28.474
117.15792846679688,2024-08-16 05:59:28.540
144.03475952148438,2024-08-16 05:59:28.589
145.971923828125,2024-08-16 05:59:28.647
31.368865966796875,2024-08-16 05:59:28.715
180.11587524414062,2024-08-16 05:59:28.762
72.09451293945312,2024-08-16 05:59:28.809
2.498687744140625,2024-08-16 05:59:28.856
145.43841552734375,2024-08-16 05:59:28.918
64.51800537109375,2024-08-16 05:59:28.981
40.266448974609375,2024-08-16 05:59:29.043
70.69537353515625,2024-08-16 05:59:29.091
207.29818725585938,2024-08-16 05:59:29.136
133.78549194335938,2024-08-16 05:59:29.183
73.95858764648438,2024-08-16 05:59:29.233
45.820587158203125,2024-08-16 05:59:29.290
34.6417236328125,2024-08-16 05:59:29.326
110.70657348632812,2024-08-16 05:59:29.397
79.09970092773438,2024-08-16 05:59:29.460
114.346435546875,2024-08-16 05:59:29.525
133.90444946289062,2024-08-16 05:59:29.604
76.82308959960938,2024-08-16 05:59:29.653
132.45071411132812,2024-08-16 05:59:29.697
90.25506591796875,2024-08-16 05:59:29.744
91.29425048828125,2024-08-16 05:59:29.807
211.09344482421875,2024-08-16 05:59:29.846
50.086669921875,2024-08-16 05:59:29.899
77.61495971679688,2024-08-16 05:59:29.963
109.17822265625,2024-08-16 05:59:30.010
93.45205688476562,2024-08-16 05:59:30.073
54.3165283203125,2024-08-16 05:59:30.145
-45.657562255859375,2024-08-16 05:59:30.214
137.22024536132812,2024-08-16 05:59:30.265
57.398345947265625,2024-08-16 05:59:30.324
127.81716918945312,2024-08-16 05:59:30.378
128.95443725585938,2024-08-16 05:59:30.413
70.24697875976562,2024-08-16 05:59:30.461
83.1490478515625,2024-08-16 05:59:30.515
96.44320678710938,2024-08-16 05:59:30.577
15.856475830078125,2024-08-16 05:59:30.633
98.8656005859375,2024-08-16 05:59:30.709
172.05694580078125,2024-08-16 05:59:30.760
99.76766967773438,2024-08-16 05:59:30.803
140.35385131835938,2024-08-16 05:59:30.862
84.2952880859375,2024-08-16 05:59:30.923
126.53054809570312,2024-08-16 05:59:30.981
58.0650634765625,2024-08-16 05:59:31.016
20.211517333984375,2024-08-16 05:59:31.067
184.91683959960938,2024-08-16 05:59:31.112
33.466156005859375,2024-08-16 05:59:31.170
87.20150756835938,2024-08-16 05:59:31.216
25.689849853515625,2024-08-16 05:59:31.297
158.25729370117188,2024-08-16 05:59:31.360
120.18634033203125,2024-08-16 05:59:31.408
106.3602294921875,2024-08-16 05:59:31.466
128.11306762695312,2024-08-16 05:59:31.516
48.42108154296875,2024-08-16 05:59:31.562
37.40435791015625,2024-08-16 05:59:31.610
217.50790405273438,2024-08-16 05:59:31.673
185.28488159179688,2024-08-16 05:59:31.728
154.59368896484375,2024-08-16 05:59:31.778
47.43890380859375,2024-08-16 05:59:31.843
118.65469360351562,2024-08-16 05:59:31.907
188.8341064453125,2024-08-16 05:59:31.952
99.95367431640625,2024-08-16 05:59:31.998
21.5657958984375,2024-08-16 05:59:32.058
236.43917846679688,2024-08-16 05:59:32.126
-12.095458984375,2024-08-16 05:59:32.176
-8.291168212890625,2024-08-16 05:59:32.231
107.61288452148438,2024-08-16 05:59:32.277
193.00985717773438,2024-08-16 05:59:32.344
58.6934814453125,2024-08-16 05:59:32.415
92.24078369140625,2024-08-16 05:59:32.486
129.67977905273438,2024-08-16 05:59:32.538
64.93814086914062,2024-08-16 05:59:32.599
74.91412353515625,2024-08-16 05:59:32.660
144.66799926757812,2024-08-16 05:59:32.710
131.90640258789062,2024-08-16 05:59:32.758
26.23187255859375,2024-08-16 05:59:32.814
123.39419555664062,2024-08-16 05:59:32.906
124.63040161132812,2024-08-16 05:59:32.991
82.70050048828125,2024-08-16 05:59:33.036
196.51296997070312,2024-08-16 05:59:33.087
36.790618896484375,2024-08-16 05:59:33.137
132.12744140625,2024-08-16 05:59:33.205
191.93075561523438,2024-08-16 05:59:33.282
147.23016357421875,2024-08-16 05:59:33.338
53.603240966796875,2024-08-16 05:59:33.388
136.69403076171875,2024-08-16 05:59:33.444
40.01080322265625,2024-08-16 05:59:33.533
93.42105102539062,2024-08-16 05:59:33.579
79.19671630859375,2024-08-16 05:59:33.640
94.22793579101562,2024-08-16 05:59:33.705
92.79986572265625,2024-08-16 05:59:33.752
99.82003784179688,2024-08-16 05:59:33.817
98.24789428710938,2024-08-16 05:59:33.867
47.726409912109375,2024-08-16 05:59:33.919
138.1048583984375,2024-08-16 05:59:33.983
145.61959838867188,2024-08-16 05:59:34.054
89.2542724609375,2024-08-16 05:59:34.116
139.14373779296875,2024-08-16 05:59:34.163
256.7190246582031,2024-08-16 05:59:34.211
52.629302978515625,2024-08-16 05:59:34.256
86.99246215820312,2024-08-16 05:59:34.301
100.21392822265625,2024-08-16 05:59:34.360
128.3602294921875,2024-08-16 05:59:34.407
100.20187377929688,2024-08-16 05:59:34.438
112.03192138671875,2024-08-16 05:59:34.488
120.81143188476562,2024-08-16 05:59:34.536
129.89834594726562,2024-08-16 05:59:34.611
213.93045043945312,2024-08-16 05:59:34.665
178.02206420898438,2024-08-16 05:59:34.716
192.7999267578125,2024-08-16 05:59:34.754
90.64743041992188,2024-08-16 05:59:34.799
160.67025756835938,2024-08-16 05:59:34.849
121.17843627929688,2024-08-16 05:59:34.911
-0.673095703125,2024-08-16 05:59:34.978
192.52847290039062,2024-08-16 05:59:35.027
129.45904541015625,2024-08-16 05:59:35.080
26.725128173828125,2024-08-16 05:59:35.153
107.2415771484375,2024-08-16 05:59:35.219
81.81329345703125,2024-08-16 05:59:35.266
122.06729125976562,2024-08-16 05:59:35.299
103.75192260742188,2024-08-16 05:59:35.347
149.11349487304688,2024-08-16 05:59:35.396
100.5767822265625,2024-08-16 05:59:35.465
81.40277099609375,2024-08-16 05:59:35.518
164.97872924804688,2024-08-16 05:59:35.594
13.93865966796875,2024-08-16 05:59:35.649
61.83306884765625,2024-08-16 05:59:35.716
167.41580200195312,2024-08-16 05:59:35.789
65.70498657226562,2024-08-16 05:59:35.853
190.02685546875,2024-08-16 05:59:35.897
119.2984619140625,2024-08-16 05:59:35.945
160.488037109375,2024-08-16 05:59:35.992
12.660980224609375,2024-08-16 05:59:36.051
162.193603515625,2024-08-16 05:59:36.115
181.86679077148438,2024-08-16 05:59:36.159
45.033447265625,2024-08-16 05:59:36.203
84.21224975585938,2024-08-16 05:59:36.269
51.31781005859375,2024-08-16 05:59:36.346
183.43496704101562,2024-08-16 05:59:36.392
180.8321533203125,2024-08-16 05:59:36.450
44.668487548828125,2024-08-16 05:59:36.495
118.37966918945312,2024-08-16 05:59:36.546
163.04049682617188,2024-08-16 05:59:36.609
80.8524169921875,2024-08-16 05:59:36.673
115.82864379882812,2024-08-16 05:59:36.729
259.2973937988281,2024-08-16 05:59:36.796
195.78231811523438,2024-08-16 05:59:36.858
119.95468139648438,2024-08-16 05:59:36.897
155.47280883789062,2024-08-16 05:59:36.961
185.50448608398438,2024-08-16 05:59:37.010
37.798065185546875,2024-08-16 05:59:37.079
90.53549194335938,2024-08-16 05:59:37.123
-45.431304931640625,2024-08-16 05:59:37.166
110.28421020507812,2024-08-16 05:59:37.227
200.75732421875,2024-08-16 05:59:37.273
41.058868408203125,2024-08-16 05:59:37.353
125.169677734375,2024-08-16 05:59:37.421
139.80221557617188,2024-08-16 05:59:37.486
232.48452758789062,2024-08-16 05:59:37.528
142.64157104492188,2024-08-16 05:59:37.575
118.4232177734375,2024-08-16 05:59:37.629
207.08871459960938,2024-08-16 05:59:37.671
183.82278442382812,2024-08-16 05:59:37.731
109.30047607421875,2024-08-16 05:59:37.815
154.94955444335938,2024-08-16 05:59:37.875
-1.483428955078125,2024-08-16 05:59:37.937
148.37600708007812,2024-08-16 05:59:37.984
119.16339111328125,2024-08-16 05:59:38.031
196.55245971679688,2024-08-16 05:59:38.077
94.15664672851562,2024-08-16 05:59:38.129
172.71054077148438,2024-08-16 05:59:38.176
160.54202270507812,2024-08-16 05:59:38.226
95.03292846679688,2024-08-16 05:59:38.283
97.00320434570312,2024-08-16 05:59:38.365
193.49130249023438,2024-08-16 05:59:38.432
67.78665161132812,2024-08-16 05:59:38.496
125.92996215820312,2024-08-16 05:59:38.554
98.48394775390625,2024-08-16 05:59:38.634
51.884124755859375,2024-08-16 05:59:38.681
65.15414428710938,2024-08-16 05:59:38.748
107.53622436523438,2024-08-16 05:59:38.795
128.40621948242188,2024-08-16 05:59:38.850
101.15692138671875,2024-08-16 05:59:38.891
131.388916015625,2024-08-16 05:59:38.979
117.12652587890625,2024-08-16 05:59:39.029
156.10171508789062,2024-08-16 05:59:39.078
157.4705810546875,2024-08-16 05:59:39.108
62.930908203125,2024-08-16 05:59:39.168
229.83578491210938,2024-08-16 05:59:39.216
121.84750366210938,2024-08-16 05:59:39.271
88.37979125976562,2024-08-16 05:59:39.316
103.69943237304688,2024-08-16 05:59:39.368
64.04513549804688,2024-08-16 05:59:39.419
52.571990966796875,2024-08-16 05:59:39.479
12.806488037109375,2024-08-16 05:59:39.556
36.529205322265625,2024-08-16 05:59:39.601
130.54135131835938,2024-08-16 05:59:39.650
-10.017547607421875,2024-08-16 05:59:39.700
149.43948364257812,2024-08-16 05:59:39.748
117.28787231445312,2024-08-16 05:59:39.791
83.91061401367188,2024-08-16 05:59:39.836
203.12506103515625,2024-08-16 05:59:39.881
163.80374145507812,2024-08-16 05:59:39.930
75.05398559570312,2024-08-16 05:59:39.976
86.29656982421875,2024-08-16 05:59:40.067
91.88629150390625,2024-08-16 05:59:40.114
158.212890625,2024-08-16 05:59:40.162
88.47482299804688,2024-08-16 05:59:40.214
157.45822143554688,2024-08-16 05:59:40.259
67.26699829101562,2024-08-16 05:59:40.322
153.78836059570312,2024-08-16 05:59:40.373
116.44281005859375,2024-08-16 05:59:40.427
141.12991333007812,2024-08-16 05:59:40.488
-8.18975830078125,2024-08-16 05:59:40.536
198.92172241210938,2024-08-16 05:59:40.613
147.99642944335938,2024-08-16 05:59:40.663
118.94622802734375,2024-08-16 05:59:40.714
51.382293701171875,2024-08-16 05:59:40.765
192.51095581054688,2024-08-16 05:59:40.823
151.76126098632812,2024-08-16 05:59:40.886
80.91641235351562,2024-08-16 05:59:40.943
102.64273071289062,2024-08-16 05:59:40.976
84.71304321289062,2024-08-16 05:59:41.026
185.52935791015625,2024-08-16 05:59:41.079
177.63943481445312,2024-08-16 05:59:41.172
146.39761352539062,2024-08-16 05:59:41.222
102.97979736328125,2024-08-16 05:59:41.267
122.67868041992188,2024-08-16 05:59:41.322
48.72265625,2024-08-16 05:59:41.376
168.73208618164062,2024-08-16 05:59:41.426
77.17156982421875,2024-08-16 05:59:41.497
33.499969482421875,2024-08-16 05:59:41.546
159.66146850585938,2024-08-16 05:59:41.604
154.53475952148438,2024-08-16 05:59:41.651
235.09652709960938,2024-08-16 05:59:41.731
125.169677734375,2024-08-16 05:59:41.779
129.34255981445312,2024-08-16 05:59:41.832
156.05508422851562,2024-08-16 05:59:41.891
136.89614868164062,2024-08-16 05:59:41.947
110.50961303710938,2024-08-16 05:59:42.015
16.60003662109375,2024-08-16 05:59:42.067
49.7613525390625,2024-08-16 05:59:42.121
105.6778564453125,2024-08-16 05:59:42.176
135.38388061523438,2024-08-16 05:59:42.229
133.04129028320312,2024-08-16 05:59:42.316
103.80221557617188,2024-08-16 05:59:42.368
57.272064208984375,2024-08-16 05:59:42.428
114.78628540039062,2024-08-16 05:59:42.481
163.53298950195312,2024-08-16 05:59:42.541
82.57467651367188,2024-08-16 05:59:42.601
100.26138305664062,2024-08-16 05:59:42.645
180.6024169921875,2024-08-16 05:59:42.698
120.59402465820312,2024-08-16 05:59:42.749
229.80392456054688,2024-08-16 05:59:42.829
119.05484008789062,2024-08-16 05:59:42.894
124.94229125976562,2024-08-16 05:59:42.944
46.902069091796875,2024-08-16 05:59:42.977
51.6951904296875,2024-08-16 05:59:43.048
108.80169677734375,2024-08-16 05:59:43.109
77.7667236328125,2024-08-16 05:59:43.154
203.95355224609375,2024-08-16 05:59:43.212
10.20611572265625,2024-08-16 05:59:43.260
56.70037841796875,2024-08-16 05:59:43.304
122.0142822265625,2024-08-16 05:59:43.397
171.09219360351562,2024-08-16 05:59:43.443
95.44723510742188,2024-08-16 05:59:43.513
78.4876708984375,2024-08-16 05:59:43.561
123.25384521484375,2024-08-16 05:59:43.594
50.15118408203125,2024-08-16 05:59:43.636
73.71414184570312,2024-08-16 05:59:43.696
106.2786865234375,2024-08-16 05:59:43.740
215.36160278320312,2024-08-16 05:59:43.806
75.68704223632812,2024-08-16 05:59:43.853
48.614837646484375,2024-08-16 05:59:43.896
66.22970581054688,2024-08-16 05:59:43.928
36.947540283203125,2024-08-16 05:59:44.011
62.253570556640625,2024-08-16 05:59:44.062
77.56509399414062,2024-08-16 05:59:44.136
67.24801635742188,2024-08-16 05:59:44.179
106.82000732421875,2024-08-16 05:59:44.227
123.45944213867188,2024-08-16 05:59:44.263
110.26498413085938,2024-08-16 05:59:44.341
137.38345336914062,2024-08-16 05:59:44.397
229.94595336914062,2024-08-16 05:59:44.467
135.87075805664062,2024-08-16 05:59:44.532
116.07901000976562,2024-08-16 05:59:44.596
37.810211181640625,2024-08-16 05:59:44.641
165.81887817382812,2024-08-16 05:59:44.702
30.566619873046875,2024-08-16 05:59:44.754
-73.29299926757812,2024-08-16 05:59:44.816
141.56686401367188,2024-08-16 05:59:44.877
64.76010131835938,2024-08-16 05:59:44.928
71.06997680664062,2024-08-16 05:59:44.961
5.372772216796875,2024-08-16 05:59:45.015
103.8333740234375,2024-08-16 05:59:45.118
20.50103759765625,2024-08-16 05:59:45.206
28.9652099609375,2024-08-16 05:59:45.273
98.1285400390625,2024-08-16 05:59:45.344
77.81658935546875,2024-08-16 05:59:45.379
54.9461669921875,2024-08-16 05:59:45.437
217.78030395507812,2024-08-16 05:59:45.511
93.06637573242188,2024-08-16 05:59:45.568
120.0655517578125,2024-08-16 05:59:45.654
88.25381469726562,2024-08-16 05:59:45.720
101.64883422851562,2024-08-16 05:59:45.774
143.99789428710938,2024-08-16 05:59:45.827
119.04269409179688,2024-08-16 05:59:45.862
93.6185302734375,2024-08-16 05:59:45.925
161.27041625976562,2024-08-16 05:59:45.976
117.5555419921875,2024-08-16 05:59:46.030
18.24102783203125,2024-08-16 05:59:46.089
180.20223999023438,2024-08-16 05:59:46.170
15.4842529296875,2024-08-16 05:59:46.226
254.71694946289062,2024-08-16 05:59:46.274
-47.522247314453125,2024-08-16 05:59:46.327
170.44107055664062,2024-08-16 05:59:46.391
190.97006225585938,2024-08-16 05:59:46.442
3.54339599609375,2024-08-16 05:59:46.493
89.6014404296875,2024-08-16 05:59:46.529
145.09341430664062,2024-08-16 05:59:46.590
85.00982666015625,2024-08-16 05:59:46.644
187.39401245117188,2024-08-16 05:59:46.734
153.83493041992188,2024-08-16 05:59:46.786
91.29641723632812,2024-08-16 05:59:46.829
130.80105590820312,2024-08-16 05:59:46.879
57.736358642578125,2024-08-16 05:59:46.929
63.767181396484375,2024-08-16 05:59:46.966
86.04257202148438,2024-08-16 05:59:47.014
167.26541137695312,2024-08-16 05:59:47.085
45.71966552734375,2024-08-16 05:59:47.130
150.69451904296875,2024-08-16 05:59:47.178
221.94766235351562,2024-08-16 05:59:47.225
156.86105346679688,2024-08-16 05:59:47.316
81.53778076171875,2024-08-16 05:59:47.373
130.26947021484375,2024-08-16 05:59:47.421
-30.50262451171875,2024-08-16 05:59:47.465
178.51583862304688,2024-08-16 05:59:47.521
10.845977783203125,2024-08-16 05:59:47.579
119.58795166015625,2024-08-16 05:59:47.638
188.52755737304688,2024-08-16 05:59:47.695
196.85601806640625,2024-08-16 05:59:47.734
97.11273193359375,2024-08-16 05:59:47.803
54.144775390625,2024-08-16 05:59:47.904
99.33786010742188,2024-08-16 05:59:47.969
119.05484008789062,2024-08-16 05:59:48.030
31.49273681640625,2024-08-16 05:59:48.100
168.52752685546875,2024-08-16 05:59:48.188
-46.63818359375,2024-08-16 05:59:48.260
143.99063110351562,2024-08-16 05:59:48.315
54.16387939453125,2024-08-16 05:59:48.380
217.58877563476562,2024-08-16 05:59:48.471
0.248291015625,2024-08-16 05:59:48.535
44.7908935546875,2024-08-16 05:59:48.587
82.043212890625,2024-08-16 05:59:48.626
168.14041137695312,2024-08-16 05:59:48.703
154.66720581054688,2024-08-16 05:59:48.770
123.28036499023438,2024-08-16 05:59:48.813
181.195068359375,2024-08-16 05:59:48.890
140.043701171875,2024-08-16 05:59:48.962
36.418121337890625,2024-08-16 05:59:49.056
178.96505737304688,2024-08-16 05:59:49.119
169.19308471679688,2024-08-16 05:59:49.181
99.61929321289062,2024-08-16 05:59:49.239
216.29837036132812,2024-08-16 05:59:49.340
-41.495269775390625,2024-08-16 05:59:49.386
139.77767944335938,2024-08-16 05:59:49.504
106.36734008789062,2024-08-16 05:59:49.617
118.55325317382812,2024-08-16 05:59:49.680
170.26571655273438,2024-08-16 05:59:49.735
40.569915771484375,2024-08-16 05:59:49.782
175.61492919921875,2024-08-16 05:59:49.847
176.11367797851562,2024-08-16 05:59:49.899
199.85678100585938,2024-08-16 05:59:49.961
123.13284301757812,2024-08-16 05:59:50.010
57.081512451171875,2024-08-16 05:59:50.062
168.68759155273438,2024-08-16 05:59:50.165
179.14791870117188,2024-08-16 05:59:50.205
35.198577880859375,2024-08-16 05:59:50.261
104.39041137695312,2024-08-16 05:59:50.328
65.30612182617188,2024-08-16 05:59:50.370
34.4888916015625,2024-08-16 05:59:50.450
61.06744384765625,2024-08-16 05:59:50.513
87.79766845703125,2024-08-16 05:59:50.566
133.46420288085938,2024-08-16 05:59:50.629
61.6190185546875,2024-08-16 05:59:50.733
219.58090209960938,2024-08-16 05:59:50.793
-59.636932373046875,2024-08-16 05:59:50.861
78.82916259765625,2024-08-16 05:59:50.933
177.76019287109375,2024-08-16 05:59:50.987
100.01806640625,2024-08-16 05:59:51.055
72.38616943359375,2024-08-16 05:59:51.115
105.81903076171875,2024-08-16 05:59:51.172
26.871246337890625,2024-08-16 05:59:51.264
126.06057739257812,2024-08-16 05:59:51.320
43.190643310546875,2024-08-16 05:59:51.377
-49.16180419921875,2024-08-16 05:59:51.447
90.90396118164062,2024-08-16 05:59:51.537
17.611419677734375,2024-08-16 05:59:51.605
192.57754516601562,2024-08-16 05:59:51.669
145.54354858398438,2024-08-16 05:59:51.740
137.597900390625,2024-08-16 05:59:51.853
59.8829345703125,2024-08-16 05:59:51.956
109.30047607421875,2024-08-16 05:59:52.018
2.025604248046875,2024-08-16 05:59:52.054
108.31729125976562,2024-08-16 05:59:52.108
192.01712036132812,2024-08-16 05:59:52.170
101.95675659179688,2024-08-16 05:59:52.239
186.35922241210938,2024-08-16 05:59:52.295
77.56723022460938,2024-08-16 05:59:52.357
239.43716430664062,2024-08-16 05:59:52.444
58.676605224609375,2024-08-16 05:59:52.510
67.69390869140625,2024-08-16 05:59:52.594
157.77288818359375,2024-08-16 05:59:52.635
45.93572998046875,2024-08-16 05:59:52.693
67.16720581054688,2024-08-16 05:59:52.750
148.324462890625,2024-08-16 05:59:52.806
145.21084594726562,2024-08-16 05:59:52.882
32.36199951171875,2024-08-16 05:59:52.968
182.83712768554688,2024-08-16 05:59:53.022
202.77731323242188,2024-08-16 05:59:53.092
82.32791137695312,2024-08-16 05:59:53.146
108.30526733398438,2024-08-16 05:59:53.201
97.99496459960938,2024-08-16 05:59:53.265
120.28506469726562,2024-08-16 05:59:53.331
153.81753540039062,2024-08-16 05:59:53.400
53.961029052734375,2024-08-16 05:59:53.463
37.6241455078125,2024-08-16 05:59:53.549
133.80218505859375,2024-08-16 05:59:53.606
45.369171142578125,2024-08-16 05:59:53.671
75.30764770507812,2024-08-16 05:59:53.737
97.28436279296875,2024-08-16 05:59:53.807
42.445281982421875,2024-08-16 05:59:53.853
275.5191955566406,2024-08-16 05:59:53.921
270.2123107910156,2024-08-16 05:59:54.038
-9.425689697265625,2024-08-16 05:59:54.133
28.502532958984375,2024-08-16 05:59:54.219
40.519256591796875,2024-08-16 05:59:54.272
151.77584838867188,2024-08-16 05:59:54.336
103.319091796875,2024-08-16 05:59:54.386
49.131866455078125,2024-08-16 05:59:54.484
73.39166259765625,2024-08-16 05:59:54.527
149.96383666992188,2024-08-16 05:59:54.664
-5.456756591796875,2024-08-16 05:59:54.717
122.33291625976562,2024-08-16 05:59:54.780
243.20547485351562,2024-08-16 05:59:54.842
136.72079467773438,2024-08-16 05:59:54.963
142.80520629882812,2024-08-16 05:59:55.033
107.63919067382812,2024-08-16 05:59:55.101
159.66873168945312,2024-08-16 05:59:55.208
58.88604736328125,2024-08-16 05:59:55.326
92.05264282226562,2024-08-16 05:59:55.396
165.29403686523438,2024-08-16 05:59:55.466
43.1065673828125,2024-08-16 05:59:55.535
180.33541870117188,2024-08-16 05:59:55.633
28.13433837890625,2024-08-16 05:59:55.690
34.023651123046875,2024-08-16 05:59:55.742
179.9454345703125,2024-08-16 05:59:55.833
221.18417358398438,2024-08-16 05:59:55.887
130.97586059570312,2024-08-16 05:59:55.976
195.40933227539062,2024-08-16 05:59:56.035
39.56219482421875,2024-08-16 05:59:56.095
99.81512451171875,2024-08-16 05:59:56.141
179.38723754882812,2024-08-16 05:59:56.198
149.22604370117188,2024-08-16 05:59:56.281
214.04345703125,2024-08-16 05:59:56.336
88.19189453125,2024-08-16 05:59:56.430
68.42227172851562,2024-08-16 05:59:56.504
29.1650390625,2024-08-16 05:59:56.575
27.383697509765625,2024-08-16 05:59:56.649
164.33065795898438,2024-08-16 05:59:56.712
104.13455200195312,2024-08-16 05:59:56.763
151.2264404296875,2024-08-16 05:59:56.814
22.1708984375,2024-08-16 05:59:56.867
7.411895751953125,2024-08-16 05:59:56.954
71.41854858398438,2024-08-16 05:59:57.041
140.35101318359375,2024-08-16 05:59:57.109
-62.180389404296875,2024-08-16 05:59:57.165
83.05630493164062,2024-08-16 05:59:57.221
209.6600341796875,2024-08-16 05:59:57.279
20.9525146484375,2024-08-16 05:59:57.333
51.324920654296875,2024-08-16 05:59:57.402
34.83050537109375,2024-08-16 05:59:57.479
223.41677856445312,2024-08-16 05:59:57.549
258.7387390136719,2024-08-16 05:59:57.622
138.91903686523438,2024-08-16 05:59:57.695
148.63803100585938,2024-08-16 05:59:57.748
98.86776733398438,2024-08-16 05:59:57.814
122.71957397460938,2024-08-16 05:59:57.875
56.04736328125,2024-08-16 05:59:57.947
34.89581298828125,2024-08-16 05:59:58.003
67.82461547851562,2024-08-16 05:59:58.091
161.3812255859375,2024-08-16 05:59:58.166
16.764892578125,2024-08-16 05:59:58.229
78.02041625976562,2024-08-16 05:59:58.301
93.51626586914062,2024-08-16 05:59:58.368
85.681640625,2024-08-16 05:59:58.408
63.78619384765625,2024-08-16 05:59:58.460
150.24563598632812,2024-08-16 05:59:58.538
79.65206909179688,2024-08-16 05:59:58.604
32.781951904296875,2024-08-16 05:59:58.671
82.87136840820312,2024-08-16 05:59:58.732
129.60214233398438,2024-08-16 05:59:58.828
114.11062622070312,2024-08-16 05:59:58.874
151.1922607421875,2024-08-16 05:59:58.946
146.15032958984375,2024-08-16 05:59:58.985
86.34161376953125,2024-08-16 05:59:59.032
95.861572265625,2024-08-16 05:59:59.101
41.304351806640625,2024-08-16 05:59:59.153
156.4970703125,2024-08-16 05:59:59.237
58.7647705078125,2024-08-16 05:59:59.307
47.745574951171875,2024-08-16 05:59:59.365
112.06045532226562,2024-08-16 05:59:59.438
16.20098876953125,2024-08-16 05:59:59.517
103.433837890625,2024-08-16 05:59:59.572
60.708160400390625,2024-08-16 05:59:59.626
160.23947143554688,2024-08-16 05:59:59.707
-17.804580688476562,2024-08-16 05:59:59.805
102.13369750976562,2024-08-16 05:59:59.861
199.15347290039062,2024-08-16 05:59:59.902
123.82919311523438,2024-08-16 05:59:59.953
158.30618286132812,2024-08-16 06:00:00.022
136.01434326171875,2024-08-16 06:00:00.074
202.27899169921875,2024-08-16 06:00:00.147
176.950439453125,2024-08-16 06:00:00.198
141.56686401367188,2024-08-16 06:00:00.242
-57.83085632324219,2024-08-16 06:00:00.368
13.447662353515625,2024-08-16 06:00:00.425
154.7210693359375,2024-08-16 06:00:00.481
50.66766357421875,2024-08-16 06:00:00.535
139.95333862304688,2024-08-16 06:00:00.600
162.5306396484375,2024-08-16 06:00:00.673
6.19195556640625,2024-08-16 06:00:00.733
153.71932983398438,2024-08-16 06:00:00.787
137.46365356445312,2024-08-16 06:00:00.840
168.62106323242188,2024-08-16 06:00:00.943
2.3623046875,2024-08-16 06:00:00.997
-15.1424560546875,2024-08-16 06:00:01.053
32.12890625,2024-08-16 06:00:01.108
91.595947265625,2024-08-16 06:00:01.170
65.78799438476562,2024-08-16 06:00:01.246
18.614715576171875,2024-08-16 06:00:01.317
218.60574340820312,2024-08-16 06:00:01.374
117.36001586914062,2024-08-16 06:00:01.431
127.67642211914062,2024-08-16 06:00:01.511
91.29153442382812,2024-08-16 06:00:01.561
97.7159423828125,2024-08-16 06:00:01.615
133.01181030273438,2024-08-16 06:00:01.680
95.71401977539062,2024-08-16 06:00:01.737
173.15435791015625,2024-08-16 06:00:01.807
103.16610717773438,2024-08-16 06:00:01.859
128.38180541992188,2024-08-16 06:00:01.919
42.49090576171875,2024-08-16 06:00:01.978
118.3675537109375,2024-08-16 06:00:02.090
98.44088745117188,2024-08-16 06:00:02.150
139.86801147460938,2024-08-16 06:00:02.207
194.01217651367188,2024-08-16 06:00:02.264
183.91650390625,2024-08-16 06:00:02.320
129.7208251953125,2024-08-16 06:00:02.384
192.14297485351562,2024-08-16 06:00:02.445
83.62094116210938,2024-08-16 06:00:02.505
96.76242065429688,2024-08-16 06:00:02.566
83.43109130859375,2024-08-16 06:00:02.642
87.91384887695312,2024-08-16 06:00:02.717
83.63778686523438,2024-08-16 06:00:02.779
151.01791381835938,2024-08-16 06:00:02.849
71.65325927734375,2024-08-16 06:00:02.890
195.00704956054688,2024-08-16 06:00:02.944
161.43521118164062,2024-08-16 06:00:03.022
109.48739624023438,2024-08-16 06:00:03.078
72.67776489257812,2024-08-16 06:00:03.110
77.09786987304688,2024-08-16 06:00:03.197
70.86343383789062,2024-08-16 06:00:03.270
90.11703491210938,2024-08-16 06:00:03.348
226.64517211914062,2024-08-16 06:00:03.404
160.60104370117188,2024-08-16 06:00:03.462
29.595703125,2024-08-16 06:00:03.501
170.47543334960938,2024-08-16 06:00:03.571
132.38739013671875,2024-08-16 06:00:03.623
205.08724975585938,2024-08-16 06:00:03.672
12.381744384765625,2024-08-16 06:00:03.759
96.31195068359375,2024-08-16 06:00:03.825
62.93304443359375,2024-08-16 06:00:03.874
79.780029296875,2024-08-16 06:00:03.913
86.360595703125,2024-08-16 06:00:03.981
78.17431640625,2024-08-16 06:00:04.037
86.35357666015625,2024-08-16 06:00:04.116
100.88458251953125,2024-08-16 06:00:04.174
110.9462890625,2024-08-16 06:00:04.230
76.86318969726562,2024-08-16 06:00:04.313
160.89633178710938,2024-08-16 06:00:04.410
106.14462280273438,2024-08-16 06:00:04.465
-79.85530090332031,2024-08-16 06:00:04.499
6.2762451171875,2024-08-16 06:00:04.563
91.85525512695312,2024-08-16 06:00:04.615
92.38323974609375,2024-08-16 06:00:04.683
54.387969970703125,2024-08-16 06:00:04.761
38.753814697265625,2024-08-16 06:00:04.821
86.75958251953125,2024-08-16 06:00:04.887
206.05850219726562,2024-08-16 06:00:04.941
121.60568237304688,2024-08-16 06:00:05.023
227.02484130859375,2024-08-16 06:00:05.073
114.63949584960938,2024-08-16 06:00:05.132
116.177490234375,2024-08-16 06:00:05.179
150.37567138671875,2024-08-16 06:00:05.232
26.207305908203125,2024-08-16 06:00:05.288
135.03558349609375,2024-08-16 06:00:05.339
54.299652099609375,2024-08-16 06:00:05.449
61.050567626953125,2024-08-16 06:00:05.516
172.77932739257812,2024-08-16 06:00:05.587
232.52584838867188,2024-08-16 06:00:05.649
178.49835205078125,2024-08-16 06:00:05.716
130.27166748046875,2024-08-16 06:00:05.778
90.16921997070312,2024-08-16 06:00:05.847
188.01382446289062,2024-08-16 06:00:05.900
325.0633850097656,2024-08-16 06:00:05.971
185.99847412109375,2024-08-16 06:00:06.046
104.09136962890625,2024-08-16 06:00:06.108
91.1773681640625,2024-08-16 06:00:06.183
67.6298828125,2024-08-16 06:00:06.258
109.74398803710938,2024-08-16 06:00:06.314
32.861785888671875,2024-08-16 06:00:06.364
73.99868774414062,2024-08-16 06:00:06.421
92.821044921875,2024-08-16 06:00:06.484
-12.0855712890625,2024-08-16 06:00:06.581
118.77975463867188,2024-08-16 06:00:06.656
112.29107666015625,2024-08-16 06:00:06.715
162.62911987304688,2024-08-16 06:00:06.768
-9.860107421875,2024-08-16 06:00:06.847
109.10366821289062,2024-08-16 06:00:06.897
185.45257568359375,2024-08-16 06:00:06.971
161.73562622070312,2024-08-16 06:00:07.034
104.019775390625,2024-08-16 06:00:07.121
147.11709594726562,2024-08-16 06:00:07.176
99.55490112304688,2024-08-16 06:00:07.232
50.95672607421875,2024-08-16 06:00:07.299
118.8955078125,2024-08-16 06:00:07.349
69.54208374023438,2024-08-16 06:00:07.401
164.27151489257812,2024-08-16 06:00:07.463
98.60061645507812,2024-08-16 06:00:07.517
-3.6522216796875,2024-08-16 06:00:07.573
100.56201171875,2024-08-16 06:00:07.675
2.2508544921875,2024-08-16 06:00:07.733
54.368865966796875,2024-08-16 06:00:07.788
153.40512084960938,2024-08-16 06:00:07.844
44.4017333984375,2024-08-16 06:00:07.921
162.71524047851562,2024-08-16 06:00:07.977
91.22244262695312,2024-08-16 06:00:08.042
43.101593017578125,2024-08-16 06:00:08.095
159.84078979492188,2024-08-16 06:00:08.147
113.86767578125,2024-08-16 06:00:08.271
76.06857299804688,2024-08-16 06:00:08.332
54.910186767578125,2024-08-16 06:00:08.413
156.98348999023438,2024-08-16 06:00:08.477
193.84173583984375,2024-08-16 06:00:08.562
9.313507080078125,2024-08-16 06:00:08.653
105.22055053710938,2024-08-16 06:00:08.708
78.81021118164062,2024-08-16 06:00:08.817
169.5357666015625,2024-08-16 06:00:08.889
37.93548583984375,2024-08-16 06:00:08.943
173.64056396484375,2024-08-16 06:00:09.020
61.7662353515625,2024-08-16 06:00:09.075
188.53488159179688,2024-08-16 06:00:09.128
53.032562255859375,2024-08-16 06:00:09.209
160.49029541015625,2024-08-16 06:00:09.274
95.56155395507812,2024-08-16 06:00:09.334
86.17770385742188,2024-08-16 06:00:09.425
101.86611938476562,2024-08-16 06:00:09.488
147.10256958007812,2024-08-16 06:00:09.545
73.6832275390625,2024-08-16 06:00:09.627
65.54110717773438,2024-08-16 06:00:09.715
-65.19004821777344,2024-08-16 06:00:09.765
110.00555419921875,2024-08-16 06:00:09.825
110.562255859375,2024-08-16 06:00:09.862
93.11151123046875,2024-08-16 06:00:09.969
177.75509643554688,2024-08-16 06:00:10.053
151.03756713867188,2024-08-16 06:00:10.093
181.62686157226562,2024-08-16 06:00:10.161
128.9710693359375,2024-08-16 06:00:10.213
149.27255249023438,2024-08-16 06:00:10.281
65.662109375,2024-08-16 06:00:10.343
203.33694458007812,2024-08-16 06:00:10.428
195.52786254882812,2024-08-16 06:00:10.530
117.51422119140625,2024-08-16 06:00:10.587
-17.665847778320312,2024-08-16 06:00:10.636
180.9354248046875,2024-08-16 06:00:10.691
86.60757446289062,2024-08-16 06:00:10.753
118.28543090820312,2024-08-16 06:00:10.823
52.827423095703125,2024-08-16 06:00:10.880
103.14697265625,2024-08-16 06:00:10.944
237.92996215820312,2024-08-16 06:00:11.008
166.03286743164062,2024-08-16 06:00:11.126
114.71920776367188,2024-08-16 06:00:11.181
52.72698974609375,2024-08-16 06:00:11.242
170.70712280273438,2024-08-16 06:00:11.319
218.54681396484375,2024-08-16 06:00:11.374
171.56808471679688,2024-08-16 06:00:11.445
239.02981567382812,2024-08-16 06:00:11.510
85.72885131835938,2024-08-16 06:00:11.559
192.71807861328125,2024-08-16 06:00:11.617
22.9403076171875,2024-08-16 06:00:11.695
145.7537841796875,2024-08-16 06:00:11.748
1.29278564453125,2024-08-16 06:00:11.796
71.97796630859375,2024-08-16 06:00:11.849
36.393768310546875,2024-08-16 06:00:11.897
45.976287841796875,2024-08-16 06:00:11.964
94.87777709960938,2024-08-16 06:00:12.020
178.16989135742188,2024-08-16 06:00:12.071
86.899658203125,2024-08-16 06:00:12.126
106.005615234375,2024-08-16 06:00:12.206
151.14797973632812,2024-08-16 06:00:12.274
82.9874267578125,2024-08-16 06:00:12.329
11.8411865234375,2024-08-16 06:00:12.379
73.00735473632812,2024-08-16 06:00:12.429
172.08120727539062,2024-08-16 06:00:12.505
122.92010498046875,2024-08-16 06:00:12.561
117.70700073242188,2024-08-16 06:00:12.612
52.440460205078125,2024-08-16 06:00:12.686
-17.91278076171875,2024-08-16 06:00:12.759
175.77798461914062,2024-08-16 06:00:12.865
24.00506591796875,2024-08-16 06:00:12.917
117.6805419921875,2024-08-16 06:00:12.972
195.88333129882812,2024-08-16 06:00:13.042
145.91543579101562,2024-08-16 06:00:13.096
174.51654052734375,2024-08-16 06:00:13.147
129.08529663085938,2024-08-16 06:00:13.223
159.08575439453125,2024-08-16 06:00:13.282
86.36767578125,2024-08-16 06:00:13.365
294.3278503417969,2024-08-16 06:00:13.435
-73.46383666992188,2024-08-16 06:00:13.494
131.87191772460938,2024-08-16 06:00:13.550
73.65234375,2024-08-16 06:00:13.607
50.7222900390625,2024-08-16 06:00:13.666
205.77011108398438,2024-08-16 06:00:13.727
211.26785278320312,2024-08-16 06:00:13.800
30.78277587890625,2024-08-16 06:00:13.857
130.81326293945312,2024-08-16 06:00:13.951
144.22756958007812,2024-08-16 06:00:14.028
149.29940795898438,2024-08-16 06:00:14.087
78.25021362304688,2024-08-16 06:00:14.142
116.49288940429688,2024-08-16 06:00:14.185
42.293487548828125,2024-08-16 06:00:14.239
174.87701416015625,2024-08-16 06:00:14.322
129.89553833007812,2024-08-16 06:00:14.371
56.111663818359375,2024-08-16 06:00:14.427
180.98736572265625,2024-08-16 06:00:14.514
171.64700317382812,2024-08-16 06:00:14.573
-2.166015625,2024-08-16 06:00:14.644
21.00634765625,2024-08-16 06:00:14.702
265.0574035644531,2024-08-16 06:00:14.753
90.188232421875,2024-08-16 06:00:14.821
117.54061889648438,2024-08-16 06:00:14.876
112.90835571289062,2024-08-16 06:00:14.939
133.30856323242188,2024-08-16 06:00:14.991
41.208038330078125,2024-08-16 06:00:15.061
65.37014770507812,2024-08-16 06:00:15.134
30.2308349609375,2024-08-16 06:00:15.182
48.87091064453125,2024-08-16 06:00:15.235
123.44229125976562,2024-08-16 06:00:15.286
61.257659912109375,2024-08-16 06:00:15.360
116.84683227539062,2024-08-16 06:00:15.411
98.50521850585938,2024-08-16 06:00:15.470
79.21783447265625,2024-08-16 06:00:15.527
143.42355346679688,2024-08-16 06:00:15.611
119.75173950195312,2024-08-16 06:00:15.660
205.954833984375,2024-08-16 06:00:15.732
-40.98283386230469,2024-08-16 06:00:15.786
120.02694702148438,2024-08-16 06:00:15.847
52.02008056640625,2024-08-16 06:00:15.908
79.81796264648438,2024-08-16 06:00:15.964
85.94973754882812,2024-08-16 06:00:16.034
231.01956176757812,2024-08-16 06:00:16.088
109.62887573242188,2024-08-16 06:00:16.156
-18.275726318359375,2024-08-16 06:00:16.220
147.69241333007812,2024-08-16 06:00:16.295
119.87469482421875,2024-08-16 06:00:16.360
104.64630126953125,2024-08-16 06:00:16.399
115.20260620117188,2024-08-16 06:00:16.454
89.42758178710938,2024-08-16 06:00:16.505
102.33901977539062,2024-08-16 06:00:16.543
236.62942504882812,2024-08-16 06:00:16.611
208.78079223632812,2024-08-16 06:00:16.693
79.58538818359375,2024-08-16 06:00:16.748
97.84457397460938,2024-08-16 06:00:16.805
75.16995239257812,2024-08-16 06:00:16.876
152.06515502929688,2024-08-16 06:00:16.939
102.9508056640625,2024-08-16 06:00:16.991
115.15695190429688,2024-08-16 06:00:17.054
58.067230224609375,2024-08-16 06:00:17.106
69.69390869140625,2024-08-16 06:00:17.162
83.27218627929688,2024-08-16 06:00:17.255
132.55734252929688,2024-08-16 06:00:17.311
104.03396606445312,2024-08-16 06:00:17.367
-7.66046142578125,2024-08-16 06:00:17.423
21.12408447265625,2024-08-16 06:00:17.485
88.55303955078125,2024-08-16 06:00:17.543
157.85379028320312,2024-08-16 06:00:17.595
33.385772705078125,2024-08-16 06:00:17.649
172.67330932617188,2024-08-16 06:00:17.698
116.7191162109375,2024-08-16 06:00:17.798
53.478851318359375,2024-08-16 06:00:17.859
57.166961669921875,2024-08-16 06:00:17.898
32.803558349609375,2024-08-16 06:00:17.956
94.3062744140625,2024-08-16 06:00:18.002
87.49087524414062,2024-08-16 06:00:18.076
53.44775390625,2024-08-16 06:00:18.145
3.082733154296875,2024-08-16 06:00:18.206
52.77935791015625,2024-08-16 06:00:18.265
160.02523803710938,2024-08-16 06:00:18.351
145.60446166992188,2024-08-16 06:00:18.402
99.77200317382812,2024-08-16 06:00:18.460
69.4022216796875,2024-08-16 06:00:18.513
164.39706420898438,2024-08-16 06:00:18.582
149.18911743164062,2024-08-16 06:00:18.634
128.42062377929688,2024-08-16 06:00:18.688
121.18780517578125,2024-08-16 06:00:18.739
-15.235015869140625,2024-08-16 06:00:18.790
96.58590698242188,2024-08-16 06:00:18.847
262.1477355957031,2024-08-16 06:00:18.938
146.05975341796875,2024-08-16 06:00:18.995
149.142578125,2024-08-16 06:00:19.059
68.27041625976562,2024-08-16 06:00:19.110
151.79043579101562,2024-08-16 06:00:19.164
190.83401489257812,2024-08-16 06:00:19.231
223.85568237304688,2024-08-16 06:00:19.267
53.2115478515625,2024-08-16 06:00:19.319
152.548583984375,2024-08-16 06:00:19.390
125.2686767578125,2024-08-16 06:00:19.488
53.104034423828125,2024-08-16 06:00:19.560
87.89480590820312,2024-08-16 06:00:19.623
137.61459350585938,2024-08-16 06:00:19.680
214.31893920898438,2024-08-16 06:00:19.760
23.34661865234375,2024-08-16 06:00:19.815
98.354736328125,2024-08-16 06:00:19.875
89.66281127929688,2024-08-16 06:00:19.936
107.74923706054688,2024-08-16 06:00:20.006
75.3927001953125,2024-08-16 06:00:20.107
105.87155151367188,2024-08-16 06:00:20.164
95.96392822265625,2024-08-16 06:00:20.228
170.28546142578125,2024-08-16 06:00:20.297
151.16250610351562,2024-08-16 06:00:20.352
187.40866088867188,2024-08-16 06:00:20.424
48.564483642578125,2024-08-16 06:00:20.481
73.94393920898438,2024-08-16 06:00:20.537
157.01553344726562,2024-08-16 06:00:20.614
186.84298706054688,2024-08-16 06:00:20.677
224.83642578125,2024-08-16 06:00:20.730
-2.3936767578125,2024-08-16 06:00:20.784
45.491485595703125,2024-08-16 06:00:20.819
183.20013427734375,2024-08-16 06:00:20.869
80.671875,2024-08-16 06:00:20.923
-12.853729248046875,2024-08-16 06:00:20.987
151.6334228515625,2024-08-16 06:00:21.033
98.7603759765625,2024-08-16 06:00:21.105
123.14718627929688,2024-08-16 06:00:21.190
151.77810668945312,2024-08-16 06:00:21.259
62.191619873046875,2024-08-16 06:00:21.321
294.3730773925781,2024-08-16 06:00:21.371
27.198028564453125,2024-08-16 06:00:21.427
-64.885498046875,2024-08-16 06:00:21.480
68.36532592773438,2024-08-16 06:00:21.537
163.60894775390625,2024-08-16 06:00:21.601
-10.97186279296875,2024-08-16 06:00:21.670
36.3114013671875,2024-08-16 06:00:21.763
135.69046020507812,2024-08-16 06:00:21.822
102.90548706054688,2024-08-16 06:00:21.873
113.60061645507812,2024-08-16 06:00:21.950
97.71810913085938,2024-08-16 06:00:22.016
177.77993774414062,2024-08-16 06:00:22.073
128.99044799804688,2024-08-16 06:00:22.135
73.31790161132812,2024-08-16 06:00:22.208
-10.08148193359375,2024-08-16 06:00:22.257
8.09942626953125,2024-08-16 06:00:22.332
46.256988525390625,2024-08-16 06:00:22.388
76.71356201171875,2024-08-16 06:00:22.463
73.38674926757812,2024-08-16 06:00:22.535
10.097076416015625,2024-08-16 06:00:22.590
240.81643676757812,2024-08-16 06:00:22.659
133.60256958007812,2024-08-16 06:00:22.736
142.26019287109375,2024-08-16 06:00:22.813
96.57394409179688,2024-08-16 06:00:22.895
224.67953491210938,2024-08-16 06:00:22.985
200.45339965820312,2024-08-16 06:00:23.065
55.992340087890625,2024-08-16 06:00:23.145
208.70700073242188,2024-08-16 06:00:23.214
73.11627197265625,2024-08-16 06:00:23.250
123.901611328125,2024-08-16 06:00:23.333
110.6988525390625,2024-08-16 06:00:23.392
171.8443603515625,2024-08-16 06:00:23.510
161.81661987304688,2024-08-16 06:00:23.584
107.80181884765625,2024-08-16 06:00:23.664
104.33517456054688,2024-08-16 06:00:23.720
58.374114990234375,2024-08-16 06:00:23.760
105.21560668945312,2024-08-16 06:00:23.826
88.95928955078125,2024-08-16 06:00:23.903
107.38504028320312,2024-08-16 06:00:24.007
171.89114379882812,2024-08-16 06:00:24.068
115.82586669921875,2024-08-16 06:00:24.143
41.241607666015625,2024-08-16 06:00:24.206
213.78762817382812,2024-08-16 06:00:24.242
110.3966064453125,2024-08-16 06:00:24.301
183.80020141601562,2024-08-16 06:00:24.371
124.424072265625,2024-08-16 06:00:24.447
26.253631591796875,2024-08-16 06:00:24.518
32.66766357421875,2024-08-16 06:00:24.598
163.41195678710938,2024-08-16 06:00:24.652
135.91915893554688,2024-08-16 06:00:24.702
153.81246948242188,2024-08-16 06:00:24.775
194.92294311523438,2024-08-16 06:00:24.848
48.858856201171875,2024-08-16 06:00:24.902
-4.736236572265625,2024-08-16 06:00:24.967
147.82229614257812,2024-08-16 06:00:25.022
115.50570678710938,2024-08-16 06:00:25.076
71.62237548828125,2024-08-16 06:00:25.160
104.76821899414062,2024-08-16 06:00:25.211
97.3154296875,2024-08-16 06:00:25.280
182.93820190429688,2024-08-16 06:00:25.336
51.6351318359375,2024-08-16 06:00:25.392
93.71588134765625,2024-08-16 06:00:25.443
-45.10182189941406,2024-08-16 06:00:25.492
169.14852905273438,2024-08-16 06:00:25.552
194.41677856445312,2024-08-16 06:00:25.619
222.15567016601562,2024-08-16 06:00:25.702
113.35556030273438,2024-08-16 06:00:25.757
25.55023193359375,2024-08-16 06:00:25.812
154.6177978515625,2024-08-16 06:00:25.866
156.39877319335938,2024-08-16 06:00:25.940
154.20529174804688,2024-08-16 06:00:25.989
141.19793701171875,2024-08-16 06:00:26.031
120.99960327148438,2024-08-16 06:00:26.091
102.44171142578125,2024-08-16 06:00:26.164
54.9625244140625,2024-08-16 06:00:26.251
109.67434692382812,2024-08-16 06:00:26.310
134.82144165039062,2024-08-16 06:00:26.346
137.17849731445312,2024-08-16 06:00:26.400
243.30502319335938,2024-08-16 06:00:26.472
169.53067016601562,2024-08-16 06:00:26.526
169.96469116210938,2024-08-16 06:00:26.578
182.51596069335938,2024-08-16 06:00:26.633
-25.964797973632812,2024-08-16 06:00:26.682
107.06637573242188,2024-08-16 06:00:26.740
106.996826171875,2024-08-16 06:00:26.819
96.59298706054688,2024-08-16 06:00:26.868
36.802215576171875,2024-08-16 06:00:26.917
130.32992553710938,2024-08-16 06:00:26.985
72.21270751953125,2024-08-16 06:00:27.042
100.21823120117188,2024-08-16 06:00:27.093
119.8603515625,2024-08-16 06:00:27.124
167.814697265625,2024-08-16 06:00:27.169
136.45742797851562,2024-08-16 06:00:27.219
104.90933227539062,2024-08-16 06:00:27.298
70.142333984375,2024-08-16 06:00:27.377
-14.832733154296875,2024-08-16 06:00:27.426
125.61227416992188,2024-08-16 06:00:27.472
18.1448974609375,2024-08-16 06:00:27.517
118.70480346679688,2024-08-16 06:00:27.592
3.19647216796875,2024-08-16 06:00:27.636
51.869384765625,2024-08-16 06:00:27.681
29.3353271484375,2024-08-16 06:00:27.727
104.25152587890625,2024-08-16 06:00:27.776
-66.97265625,2024-08-16 06:00:27.841
117.95266723632812,2024-08-16 06:00:27.933
108.85650634765625,2024-08-16 06:00:27.982
92.74490356445312,2024-08-16 06:00:28.031
145.21307373046875,2024-08-16 06:00:28.080
137.10775756835938,2024-08-16 06:00:28.129
227.95297241210938,2024-08-16 06:00:28.187
78.19329833984375,2024-08-16 06:00:28.233
101.82296752929688,2024-08-16 06:00:28.277
43.378021240234375,2024-08-16 06:00:28.324
28.743621826171875,2024-08-16 06:00:28.370
117.02743530273438,2024-08-16 06:00:28.415
119.12203979492188,2024-08-16 06:00:28.506
231.96591186523438,2024-08-16 06:00:28.549
125.91998291015625,2024-08-16 06:00:28.611
127.88473510742188,2024-08-16 06:00:28.662
141.00262451171875,2024-08-16 06:00:28.723
142.05026245117188,2024-08-16 06:00:28.766
-15.6732177734375,2024-08-16 06:00:28.822
127.6060791015625,2024-08-16 06:00:28.885
173.98348999023438,2024-08-16 06:00:28.933
32.66766357421875,2024-08-16 06:00:28.992
80.98959350585938,2024-08-16 06:00:29.071
121.76028442382812,2024-08-16 06:00:29.122
191.05133056640625,2024-08-16 06:00:29.170
112.97811889648438,2024-08-16 06:00:29.235
74.93038940429688,2024-08-16 06:00:29.292
200.62875366210938,2024-08-16 06:00:29.341
14.290924072265625,2024-08-16 06:00:29.389
-26.327407836914062,2024-08-16 06:00:29.435
71.25482177734375,2024-08-16 06:00:29.499
109.90463256835938,2024-08-16 06:00:29.543
9.227020263671875,2024-08-16 06:00:29.635
141.92074584960938,2024-08-16 06:00:29.683
232.14700317382812,2024-08-16 06:00:29.736
174.47705078125,2024-08-16 06:00:29.771
34.631744384765625,2024-08-16 06:00:29.831
152.89688110351562,2024-08-16 06:00:29.884
86.13479614257812,2024-08-16 06:00:29.952
112.14447021484375,2024-08-16 06:00:30.003
-85.56253051757812,2024-08-16 06:00:30.036
148.81442260742188,2024-08-16 06:00:30.094
192.49343872070312,2024-08-16 06:00:30.167
153.89102172851562,2024-08-16 06:00:30.234
98.60769653320312,2024-08-16 06:00:30.267
48.53326416015625,2024-08-16 06:00:30.328
86.41268920898438,2024-08-16 06:00:30.374
77.66915893554688,2024-08-16 06:00:30.420
157.20486450195312,2024-08-16 06:00:30.466
53.015655517578125,2024-08-16 06:00:30.510
49.191497802734375,2024-08-16 06:00:30.557
123.88226318359375,2024-08-16 06:00:30.605
150.78976440429688,2024-08-16 06:00:30.650
77.90170288085938,2024-08-16 06:00:30.726
129.91494750976562,2024-08-16 06:00:30.790
92.14779663085938,2024-08-16 06:00:30.834
154.10708618164062,2024-08-16 06:00:30.895
168.71456909179688,2024-08-16 06:00:30.953
94.1800537109375,2024-08-16 06:00:31.003
113.32421875,2024-08-16 06:00:31.054
33.90948486328125,2024-08-16 06:00:31.107
77.56021118164062,2024-08-16 06:00:31.166
-43.49818420410156,2024-08-16 06:00:31.211
48.61700439453125,2024-08-16 06:00:31.306
79.76593017578125,2024-08-16 06:00:31.360
252.53573608398438,2024-08-16 06:00:31.417
83.746826171875,2024-08-16 06:00:31.470
121.3302001953125,2024-08-16 06:00:31.514
199.84658813476562,2024-08-16 06:00:31.563
-38.065185546875,2024-08-16 06:00:31.612
141.52279663085938,2024-08-16 06:00:31.665
89.021240234375,2024-08-16 06:00:31.720
11.223663330078125,2024-08-16 06:00:31.765
166.90762329101562,2024-08-16 06:00:31.838
120.98745727539062,2024-08-16 06:00:31.883
109.22592163085938,2024-08-16 06:00:31.935
103.9765625,2024-08-16 06:00:31.996
151.67996215820312,2024-08-16 06:00:32.042
19.6463623046875,2024-08-16 06:00:32.089
211.84616088867188,2024-08-16 06:00:32.136
163.31344604492188,2024-08-16 06:00:32.185
39.569366455078125,2024-08-16 06:00:32.236
263.2892150878906,2024-08-16 06:00:32.293
113.2593994140625,2024-08-16 06:00:32.377
61.233734130859375,2024-08-16 06:00:32.435
64.35836791992188,2024-08-16 06:00:32.480
128.81582641601562,2024-08-16 06:00:32.532
123.51467895507812,2024-08-16 06:00:32.580
41.407806396484375,2024-08-16 06:00:32.622
119.823974609375,2024-08-16 06:00:32.681
96.19973754882812,2024-08-16 06:00:32.730
124.63699340820312,2024-08-16 06:00:32.779
133.95281982421875,2024-08-16 06:00:32.825
75.38565063476562,2024-08-16 06:00:32.868
73.02630615234375,2024-08-16 06:00:32.951
98.06857299804688,2024-08-16 06:00:33.009
179.46624755859375,2024-08-16 06:00:33.054
109.35528564453125,2024-08-16 06:00:33.108
195.56228637695312,2024-08-16 06:00:33.155
75.05831909179688,2024-08-16 06:00:33.203
11.31005859375,2024-08-16 06:00:33.274
67.36627197265625,2024-08-16 06:00:33.323
45.138763427734375,2024-08-16 06:00:33.369
63.952301025390625,2024-08-16 06:00:33.400
83.96270751953125,2024-08-16 06:00:33.449
109.80868530273438,2024-08-16 06:00:33.543
63.123138427734375,2024-08-16 06:00:33.598
41.3236083984375,2024-08-16 06:00:33.645
170.82553100585938,2024-08-16 06:00:33.697
145.53347778320312,2024-08-16 06:00:33.740
139.70907592773438,2024-08-16 06:00:33.792
14.91473388671875,2024-08-16 06:00:33.846
137.03482055664062,2024-08-16 06:00:33.895
104.34011840820312,2024-08-16 06:00:33.944
109.32894897460938,2024-08-16 06:00:33.993
193.89370727539062,2024-08-16 06:00:34.066
-39.20440673828125,2024-08-16 06:00:34.118
149.18911743164062,2024-08-16 06:00:34.182
116.24960327148438,2024-08-16 06:00:34.214
127.3612060546875,2024-08-16 06:00:34.263
150.79708862304688,2024-08-16 06:00:34.311
30.213592529296875,2024-08-16 06:00:34.359
137.75106811523438,2024-08-16 06:00:34.407
83.37411499023438,2024-08-16 06:00:34.470
60.161285400390625,2024-08-16 06:00:34.516
111.58230590820312,2024-08-16 06:00:34.597
99.74801635742188,2024-08-16 06:00:34.662
134.91152954101562,2024-08-16 06:00:34.697
130.16958618164062,2024-08-16 06:00:34.756
3.14215087890625,2024-08-16 06:00:34.802
123.58486938476562,2024-08-16 06:00:34.848
145.07608032226562,2024-08-16 06:00:34.894
33.30096435546875,2024-08-16 06:00:34.941
183.04940795898438,2024-08-16 06:00:34.991
141.83029174804688,2024-08-16 06:00:35.041
103.44805908203125,2024-08-16 06:00:35.102
109.18972778320312,2024-08-16 06:00:35.161
102.04739379882812,2024-08-16 06:00:35.226
104.58395385742188,2024-08-16 06:00:35.280
199.93795776367188,2024-08-16 06:00:35.343
75.83609008789062,2024-08-16 06:00:35.389
163.08438110351562,2024-08-16 06:00:35.435
128.14407348632812,2024-08-16 06:00:35.469
9.06146240234375,2024-08-16 06:00:35.527
88.52914428710938,2024-08-16 06:00:35.592
39.055511474609375,2024-08-16 06:00:35.635
61.633148193359375,2024-08-16 06:00:35.708
73.78512573242188,2024-08-16 06:00:35.764
66.54275512695312,2024-08-16 06:00:35.812
105.96731567382812,2024-08-16 06:00:35.862
148.67214965820312,2024-08-16 06:00:35.907
134.89926147460938,2024-08-16 06:00:35.967
107.43048095703125,2024-08-16 06:00:36.019
146.89663696289062,2024-08-16 06:00:36.068
141.90847778320312,2024-08-16 06:00:36.101
193.25143432617188,2024-08-16 06:00:36.147
121.43399047851562,2024-08-16 06:00:36.206
147.33255004882812,2024-08-16 06:00:36.276
127.28366088867188,2024-08-16 06:00:36.322
140.26565551757812,2024-08-16 06:00:36.385
115.86935424804688,2024-08-16 06:00:36.417
77.72607421875,2024-08-16 06:00:36.472
-87.10736083984375,2024-08-16 06:00:36.523
114.94027709960938,2024-08-16 06:00:36.570
231.22250366210938,2024-08-16 06:00:36.615
154.453369140625,2024-08-16 06:00:36.667
103.96945190429688,2024-08-16 06:00:36.695
64.04244995117188,2024-08-16 06:00:36.751
76.37210083007812,2024-08-16 06:00:36.830
136.53533935546875,2024-08-16 06:00:36.884
145.67047119140625,2024-08-16 06:00:36.929
74.67184448242188,2024-08-16 06:00:36.981
176.14810180664062,2024-08-16 06:00:37.047
128.52481079101562,2024-08-16 06:00:37.102
86.773681640625,2024-08-16 06:00:37.153
126.56155395507812,2024-08-16 06:00:37.205
173.64785766601562,2024-08-16 06:00:37.257
79.74911499023438,2024-08-16 06:00:37.319
78.8643798828125,2024-08-16 06:00:37.384
148.34628295898438,2024-08-16 06:00:37.431
99.51181030273438,2024-08-16 06:00:37.483
195.06854248046875,2024-08-16 06:00:37.534
53.47393798828125,2024-08-16 06:00:37.601
126.004638671875,2024-08-16 06:00:37.673
228.97146606445312,2024-08-16 06:00:37.708
127.67144775390625,2024-08-16 06:00:37.760
108.79180908203125,2024-08-16 06:00:37.811
132.65457153320312,2024-08-16 06:00:37.866
118.43478393554688,2024-08-16 06:00:37.955
96.30703735351562,2024-08-16 06:00:38.006
141.45187377929688,2024-08-16 06:00:38.058
221.57907104492188,2024-08-16 06:00:38.113
144.26669311523438,2024-08-16 06:00:38.178
44.754638671875,2024-08-16 06:00:38.236
100.18716430664062,2024-08-16 06:00:38.287
88.63125610351562,2024-08-16 06:00:38.336
102.98196411132812,2024-08-16 06:00:38.390
122.00152587890625,2024-08-16 06:00:38.484
134.45883178710938,2024-08-16 06:00:38.541
88.19406127929688,2024-08-16 06:00:38.591
56.404632568359375,2024-08-16 06:00:38.644
97.02664184570312,2024-08-16 06:00:38.694
158.21511840820312,2024-08-16 06:00:38.739
136.99081420898438,2024-08-16 06:00:38.792
4.937103271484375,2024-08-16 06:00:38.842
143.53079223632812,2024-08-16 06:00:38.891
130.3759765625,2024-08-16 06:00:38.944
71.294921875,2024-08-16 06:00:39.023
187.22573852539062,2024-08-16 06:00:39.098
132.66903686523438,2024-08-16 06:00:39.151
240.93557739257812,2024-08-16 06:00:39.198
243.65774536132812,2024-08-16 06:00:39.265
64.68136596679688,2024-08-16 06:00:39.316
272.1457824707031,2024-08-16 06:00:39.383
99.23257446289062,2024-08-16 06:00:39.429
64.03048706054688,2024-08-16 06:00:39.471
153.49099731445312,2024-08-16 06:00:39.520
51.91473388671875,2024-08-16 06:00:39.615
26.026458740234375,2024-08-16 06:00:39.663
39.537933349609375,2024-08-16 06:00:39.713
55.363067626953125,2024-08-16 06:00:39.765
189.80667114257812,2024-08-16 06:00:39.817
84.73635864257812,2024-08-16 06:00:39.872
228.03131103515625,2024-08-16 06:00:39.938
99.69073486328125,2024-08-16 06:00:39.995
57.598114013671875,2024-08-16 06:00:40.058
37.88470458984375,2024-08-16 06:00:40.111
134.08901977539062,2024-08-16 06:00:40.182
23.3270263671875,2024-08-16 06:00:40.236
159.75698852539062,2024-08-16 06:00:40.291
106.15390014648438,2024-08-16 06:00:40.346
67.28326416015625,2024-08-16 06:00:40.399
122.21194458007812,2024-08-16 06:00:40.463
130.13796997070312,2024-08-16 06:00:40.511
141.50323486328125,2024-08-16 06:00:40.562
70.56683349609375,2024-08-16 06:00:40.616
86.68576049804688,2024-08-16 06:00:40.692
81.886474609375,2024-08-16 06:00:40.774
226.73809814453125,2024-08-16 06:00:40.830
109.04830932617188,2024-08-16 06:00:40.879
80.53414916992188,2024-08-16 06:00:40.946
189.84112548828125,2024-08-16 06:00:41.002
101.68209838867188,2024-08-16 06:00:41.051
106.3262939453125,2024-08-16 06:00:41.101
155.45034790039062,2024-08-16 06:00:41.151
111.49835205078125,2024-08-16 06:00:41.201
88.8001708984375,2024-08-16 06:00:41.276
56.1829833984375,2024-08-16 06:00:41.343
70.52401733398438,2024-08-16 06:00:41.396
206.07821655273438,2024-08-16 06:00:41.447
131.50271606445312,2024-08-16 06:00:41.496
143.57492065429688,2024-08-16 06:00:41.545
129.43685913085938,2024-08-16 06:00:41.593
88.6361083984375,2024-08-16 06:00:41.648
93.15176391601562,2024-08-16 06:00:41.715
89.97412109375,2024-08-16 06:00:41.783
210.39620971679688,2024-08-16 06:00:41.834
60.441802978515625,2024-08-16 06:00:41.891
73.260986328125,2024-08-16 06:00:41.954
-1.7608642578125,2024-08-16 06:00:42.020
88.89736938476562,2024-08-16 06:00:42.094
150.16946411132812,2024-08-16 06:00:42.134
178.59201049804688,2024-08-16 06:00:42.188
39.518646240234375,2024-08-16 06:00:42.258
189.30770874023438,2024-08-16 06:00:42.324
233.14657592773438,2024-08-16 06:00:42.388
60.049285888671875,2024-08-16 06:00:42.436
168.89944458007812,2024-08-16 06:00:42.497
-57.465576171875,2024-08-16 06:00:42.562
97.72518920898438,2024-08-16 06:00:42.615
120.48037719726562,2024-08-16 06:00:42.681
44.927520751953125,2024-08-16 06:00:42.718
83.79180908203125,2024-08-16 06:00:42.780
86.39370727539062,2024-08-16 06:00:42.849
204.65341186523438,2024-08-16 06:00:42.914
225.97872924804688,2024-08-16 06:00:42.988
-61.449310302734375,2024-08-16 06:00:43.057
140.90499877929688,2024-08-16 06:00:43.106
179.91549682617188,2024-08-16 06:00:43.160
8.534698486328125,2024-08-16 06:00:43.212
81.4879150390625,2024-08-16 06:00:43.264
20.3265380859375,2024-08-16 06:00:43.313
175.68148803710938,2024-08-16 06:00:43.394
234.89834594726562,2024-08-16 06:00:43.466
173.68734741210938,2024-08-16 06:00:43.514
92.86618041992188,2024-08-16 06:00:43.552
86.27972412109375,2024-08-16 06:00:43.600
94.687255859375,2024-08-16 06:00:43.647
45.157958984375,2024-08-16 06:00:43.714
-43.072418212890625,2024-08-16 06:00:43.764
119.09780883789062,2024-08-16 06:00:43.813
101.21640014648438,2024-08-16 06:00:43.868
97.50827026367188,2024-08-16 06:00:43.934
98.40487670898438,2024-08-16 06:00:43.999
208.4632568359375,2024-08-16 06:00:44.060
122.70242309570312,2024-08-16 06:00:44.110
137.78280639648438,2024-08-16 06:00:44.173
71.69338989257812,2024-08-16 06:00:44.223
203.10986328125,2024-08-16 06:00:44.269
127.74899291992188,2024-08-16 06:00:44.317
162.67074584960938,2024-08-16 06:00:44.378
71.42068481445312,2024-08-16 06:00:44.428
94.34439086914062,2024-08-16 06:00:44.494
133.08462524414062,2024-08-16 06:00:44.556
89.00439453125,2024-08-16 06:00:44.607
213.01498413085938,2024-08-16 06:00:44.659
121.88339233398438,2024-08-16 06:00:44.714
179.42166137695312,2024-08-16 06:00:44.768
264.8237609863281,2024-08-16 06:00:44.837
80.11178588867188,2024-08-16 06:00:44.888
142.8856201171875,2024-08-16 06:00:44.936
104.11758422851562,2024-08-16 06:00:44.986
88.52423095703125,2024-08-16 06:00:45.039
92.816162109375,2024-08-16 06:00:45.132
87.14175415039062,2024-08-16 06:00:45.213
114.74285888671875,2024-08-16 06:00:45.257
151.0078125,2024-08-16 06:00:45.308
7.61944580078125,2024-08-16 06:00:45.356
137.97781372070312,2024-08-16 06:00:45.422
77.68814086914062,2024-08-16 06:00:45.472
73.25613403320312,2024-08-16 06:00:45.544
131.52935791015625,2024-08-16 06:00:45.592
56.32135009765625,2024-08-16 06:00:45.649
176.93295288085938,2024-08-16 06:00:45.698
143.8045654296875,2024-08-16 06:00:45.766
57.231231689453125,2024-08-16 06:00:45.815
88.90444946289062,2024-08-16 06:00:45.861
265.4696350097656,2024-08-16 06:00:45.928
171.47164916992188,2024-08-16 06:00:45.963
90.58056640625,2024-08-16 06:00:46.022
28.843292236328125,2024-08-16 06:00:46.093
81.46405029296875,2024-08-16 06:00:46.148
118.2347412109375,2024-08-16 06:00:46.207
10.92724609375,2024-08-16 06:00:46.261
213.61050415039062,2024-08-16 06:00:46.328
107.1884765625,2024-08-16 06:00:46.376
87.00167846679688,2024-08-16 06:00:46.424
89.06851196289062,2024-08-16 06:00:46.471
101.25680541992188,2024-08-16 06:00:46.522
187.03549194335938,2024-08-16 06:00:46.558
73.521728515625,2024-08-16 06:00:46.631
99.83148193359375,2024-08-16 06:00:46.680
240.91610717773438,2024-08-16 06:00:46.728
51.735626220703125,2024-08-16 06:00:46.778
29.641876220703125,2024-08-16 06:00:46.851
57.212158203125,2024-08-16 06:00:46.917
87.7547607421875,2024-08-16 06:00:46.963
50.90643310546875,2024-08-16 06:00:47.025
65.63821411132812,2024-08-16 06:00:47.075
139.42132568359375,2024-08-16 06:00:47.108
38.5750732421875,2024-08-16 06:00:47.187
174.35354614257812,2024-08-16 06:00:47.235
120.71212768554688,2024-08-16 06:00:47.297
189.359619140625,2024-08-16 06:00:47.346
135.11846923828125,2024-08-16 06:00:47.397
48.482940673828125,2024-08-16 06:00:47.444
166.13876342773438,2024-08-16 06:00:47.487
147.20272827148438,2024-08-16 06:00:47.554
148.50308227539062,2024-08-16 06:00:47.603
123.56552124023438,2024-08-16 06:00:47.657
66.02999877929688,2024-08-16 06:00:47.718
81.83657836914062,2024-08-16 06:00:47.789
121.67300415039062,2024-08-16 06:00:47.855
-13.39263916015625,2024-08-16 06:00:47.906
79.24874877929688,2024-08-16 06:00:47.953
221.10781860351562,2024-08-16 06:00:47.988
83.7728271484375,2024-08-16 06:00:48.047
70.98428344726562,2024-08-16 06:00:48.101
23.765106201171875,2024-08-16 06:00:48.156
163.2740478515625,2024-08-16 06:00:48.205
154.53921508789062,2024-08-16 06:00:48.269
165.76425170898438,2024-08-16 06:00:48.316
131.32058715820312,2024-08-16 06:00:48.380
114.59384155273438,2024-08-16 06:00:48.424
97.15304565429688,2024-08-16 06:00:48.475
106.82440185546875,2024-08-16 06:00:48.523
23.765106201171875,2024-08-16 06:00:48.586
80.11666870117188,2024-08-16 06:00:48.632
105.87374877929688,2024-08-16 06:00:48.678
45.491485595703125,2024-08-16 06:00:48.731
151.57681274414062,2024-08-16 06:00:48.795
56.1710205078125,2024-08-16 06:00:48.841
80.659912109375,2024-08-16 06:00:48.918
107.4759521484375,2024-08-16 06:00:48.974
47.424072265625,2024-08-16 06:00:49.010
169.12881469726562,2024-08-16 06:00:49.059
195.58200073242188,2024-08-16 06:00:49.109
122.06451416015625,2024-08-16 06:00:49.181
213.79489135742188,2024-08-16 06:00:49.231
99.0035400390625,2024-08-16 06:00:49.279
171.83193969726562,2024-08-16 06:00:49.330
194.19952392578125,2024-08-16 06:00:49.396
54.3187255859375,2024-08-16 06:00:49.475
11.618804931640625,2024-08-16 06:00:49.528
81.25527954101562,2024-08-16 06:00:49.581
38.0513916015625,2024-08-16 06:00:49.617
62.476806640625,2024-08-16 06:00:49.669
73.66641235351562,2024-08-16 06:00:49.739
93.81112670898438,2024-08-16 06:00:49.786
28.3682861328125,2024-08-16 06:00:49.855
7.241119384765625,2024-08-16 06:00:49.908
133.85775756835938,2024-08-16 06:00:49.975
195.78683471679688,2024-08-16 06:00:50.040
154.98605346679688,2024-08-16 06:00:50.091
143.21066284179688,2024-08-16 06:00:50.141
88.1109619140625,2024-08-16 06:00:50.201
100.12277221679688,2024-08-16 06:00:50.258
164.27883911132812,2024-08-16 06:00:50.325
136.92507934570312,2024-08-16 06:00:50.390
144.23483276367188,2024-08-16 06:00:50.446
195.21920776367188,2024-08-16 06:00:50.512
51.4417724609375,2024-08-16 06:00:50.568
68.8089599609375,2024-08-16 06:00:50.617
239.73916625976562,2024-08-16 06:00:50.680
113.36984252929688,2024-08-16 06:00:50.733
-9.349639892578125,2024-08-16 06:00:50.787
126.53500366210938,2024-08-16 06:00:50.856
182.66891479492188,2024-08-16 06:00:50.922
92.38540649414062,2024-08-16 06:00:50.970
202.43173217773438,2024-08-16 06:00:51.017
72.9384765625,2024-08-16 06:00:51.076
30.091827392578125,2024-08-16 06:00:51.124
8.24530029296875,2024-08-16 06:00:51.193
104.22256469726562,2024-08-16 06:00:51.251
113.64401245117188,2024-08-16 06:00:51.313
116.75762939453125,2024-08-16 06:00:51.376
113.15829467773438,2024-08-16 06:00:51.426
72.28860473632812,2024-08-16 06:00:51.512
102.04739379882812,2024-08-16 06:00:51.579
83.33615112304688,2024-08-16 06:00:51.635
115.0364990234375,2024-08-16 06:00:51.684
187.58139038085938,2024-08-16 06:00:51.738
166.10440063476562,2024-08-16 06:00:51.794
90.85610961914062,2024-08-16 06:00:51.844
49.631744384765625,2024-08-16 06:00:51.891
80.11666870117188,2024-08-16 06:00:51.943
36.480560302734375,2024-08-16 06:00:52.013
63.978363037109375,2024-08-16 06:00:52.080
148.57418823242188,2024-08-16 06:00:52.147
135.093994140625,2024-08-16 06:00:52.183
177.53787231445312,2024-08-16 06:00:52.232
162.86770629882812,2024-08-16 06:00:52.283
31.482696533203125,2024-08-16 06:00:52.340
217.44833374023438,2024-08-16 06:00:52.387
60.517913818359375,2024-08-16 06:00:52.435
82.71676635742188,2024-08-16 06:00:52.484
243.63601684570312,2024-08-16 06:00:52.555
55.83270263671875,2024-08-16 06:00:52.630
53.06585693359375,2024-08-16 06:00:52.681
22.406158447265625,2024-08-16 06:00:52.715
148.28750610351562,2024-08-16 06:00:52.763
103.98367309570312,2024-08-16 06:00:52.817
186.89492797851562,2024-08-16 06:00:52.870
73.521728515625,2024-08-16 06:00:52.933
45.99053955078125,2024-08-16 06:00:52.987
99.34710693359375,2024-08-16 06:00:53.035
108.0126953125,2024-08-16 06:00:53.100
79.01617431640625,2024-08-16 06:00:53.167
74.52011108398438,2024-08-16 06:00:53.231
36.964111328125,2024-08-16 06:00:53.266
100.77212524414062,2024-08-16 06:00:53.316
26.561065673828125,2024-08-16 06:00:53.380
61.68310546875,2024-08-16 06:00:53.418
-39.52423095703125,2024-08-16 06:00:53.485
97.2674560546875,2024-08-16 06:00:53.538
226.74542236328125,2024-08-16 06:00:53.587
147.31015014648438,2024-08-16 06:00:53.653
196.34481811523438,2024-08-16 06:00:53.720
91.78134155273438,2024-08-16 06:00:53.784
62.76904296875,2024-08-16 06:00:53.836
-18.770156860351562,2024-08-16 06:00:53.872
151.73883056640625,2024-08-16 06:00:53.924
125.1209716796875,2024-08-16 06:00:53.974
61.609222412109375,2024-08-16 06:00:54.035
171.56298828125,2024-08-16 06:00:54.088
-50.211761474609375,2024-08-16 06:00:54.135
132.48898315429688,2024-08-16 06:00:54.198
212.65335083007812,2024-08-16 06:00:54.266
93.40634155273438,2024-08-16 06:00:54.334
71.76220703125,2024-08-16 06:00:54.385
69.80776977539062,2024-08-16 06:00:54.423
143.80960083007812,2024-08-16 06:00:54.477
29.72698974609375,2024-08-16 06:00:54.530
135.03558349609375,2024-08-16 06:00:54.591
161.99383544921875,2024-08-16 06:00:54.641
121.13705444335938,2024-08-16 06:00:54.707
85.47705078125,2024-08-16 06:00:54.773
201.82009887695312,2024-08-16 06:00:54.822
206.34915161132812,2024-08-16 06:00:54.881
127.99392700195312,2024-08-16 06:00:54.928
66.2388916015625,2024-08-16 06:00:54.976
7.4537353515625,2024-08-16 06:00:55.040
82.20425415039062,2024-08-16 06:00:55.074
149.80917358398438,2024-08-16 06:00:55.129
212.02334594726562,2024-08-16 06:00:55.188
78.55377197265625,2024-08-16 06:00:55.236
117.12875366210938,2024-08-16 06:00:55.303
12.0533447265625,2024-08-16 06:00:55.355
212.61398315429688,2024-08-16 06:00:55.403
137.60012817382812,2024-08-16 06:00:55.469
94.77545166015625,2024-08-16 06:00:55.515
38.329010009765625,2024-08-16 06:00:55.570
162.98593139648438,2024-08-16 06:00:55.620
45.337921142578125,2024-08-16 06:00:55.676
162.33596801757812,2024-08-16 06:00:55.737
176.15542602539062,2024-08-16 06:00:55.804
132.8367919921875,2024-08-16 06:00:55.863
83.30526733398438,2024-08-16 06:00:55.896
146.04965209960938,2024-08-16 06:00:55.947
175.60250854492188,2024-08-16 06:00:56.006
16.6292724609375,2024-08-16 06:00:56.071
41.00323486328125,2024-08-16 06:00:56.104
231.88992309570312,2024-08-16 06:00:56.152
72.55419921875,2024-08-16 06:00:56.203
8.0745849609375,2024-08-16 06:00:56.237
125.18624877929688,2024-08-16 06:00:56.314
188.06802368164062,2024-08-16 06:00:56.393
200.62142944335938,2024-08-16 06:00:56.447
115.33737182617188,2024-08-16 06:00:56.479
159.85537719726562,2024-08-16 06:00:56.535
80.18551635742188,2024-08-16 06:00:56.595
129.09469604492188,2024-08-16 06:00:56.643
57.688446044921875,2024-08-16 06:00:56.692
148.96115112304688,2024-08-16 06:00:56.757
68.89682006835938,2024-08-16 06:00:56.794
37.826751708984375,2024-08-16 06:00:56.869
-2.9674072265625,2024-08-16 06:00:56.935
-46.86822509765625,2024-08-16 06:00:56.986
83.77987670898438,2024-08-16 06:00:57.032
186.53421020507812,2024-08-16 06:00:57.085
114.3629150390625,2024-08-16 06:00:57.147
-40.19908142089844,2024-08-16 06:00:57.197
27.47845458984375,2024-08-16 06:00:57.228
105.3233642578125,2024-08-16 06:00:57.282
171.46432495117188,2024-08-16 06:00:57.337
93.19473266601562,2024-08-16 06:00:57.422
98.354736328125,2024-08-16 06:00:57.497
21.84991455078125,2024-08-16 06:00:57.552
176.68356323242188,2024-08-16 06:00:57.607
3.161956787109375,2024-08-16 06:00:57.655
52.16314697265625,2024-08-16 06:00:57.718
113.72808837890625,2024-08-16 06:00:57.772
150.36557006835938,2024-08-16 06:00:57.828
105.08871459960938,2024-08-16 06:00:57.866
72.83169555664062,2024-08-16 06:00:57.935
83.28628540039062,2024-08-16 06:00:58.014
61.1978759765625,2024-08-16 06:00:58.071
164.23941040039062,2024-08-16 06:00:58.138
-22.154022216796875,2024-08-16 06:00:58.195
176.08377075195312,2024-08-16 06:00:58.230
159.76937866210938,2024-08-16 06:00:58.290
183.71609497070312,2024-08-16 06:00:58.338
89.06631469726562,2024-08-16 06:00:58.401
83.19134521484375,2024-08-16 06:00:58.450
70.02847290039062,2024-08-16 06:00:58.517
58.583587646484375,2024-08-16 06:00:58.582
72.80081176757812,2024-08-16 06:00:58.648
106.83639526367188,2024-08-16 06:00:58.697
173.78604125976562,2024-08-16 06:00:58.763
50.435394287109375,2024-08-16 06:00:58.794
113.273681640625,2024-08-16 06:00:58.857
60.529876708984375,2024-08-16 06:00:58.909
95.53759765625,2024-08-16 06:00:58.977
206.57339477539062,2024-08-16 06:00:59.023
55.82073974609375,2024-08-16 06:00:59.071
117.34786987304688,2024-08-16 06:00:59.145
72.14871215820312,2024-08-16 06:00:59.196
120.487548828125,2024-08-16 06:00:59.244
190.11770629882812,2024-08-16 06:00:59.298
158.76589965820312,2024-08-16 06:00:59.345
85.59588623046875,2024-08-16 06:00:59.408
139.80667114257812,2024-08-16 06:00:59.461
154.95907592773438,2024-08-16 06:00:59.529
79.33871459960938,2024-08-16 06:00:59.578
146.32150268554688,2024-08-16 06:00:59.629
212.98800659179688,2024-08-16 06:00:59.695
187.146728515625,2024-08-16 06:00:59.755
11.986785888671875,2024-08-16 06:00:59.807
89.59381103515625,2024-08-16 06:00:59.844
112.45199584960938,2024-08-16 06:00:59.894
153.15719604492188,2024-08-16 06:00:59.941
76.30325317382812,2024-08-16 06:01:00.004
57.59320068359375,2024-08-16 06:01:00.066
75.91195678710938,2024-08-16 06:01:00.114
143.3939208984375,2024-08-16 06:01:00.171
133.60256958007812,2024-08-16 06:01:00.223
77.93963623046875,2024-08-16 06:01:00.281
93.39926147460938,2024-08-16 06:01:00.333
151.88125610351562,2024-08-16 06:01:00.386
115.07498168945312,2024-08-16 06:01:00.438
171.60244750976562,2024-08-16 06:01:00.489
157.36941528320312,2024-08-16 06:01:00.551
78.84542846679688,2024-08-16 06:01:00.618
183.2667236328125,2024-08-16 06:01:00.664
15.67626953125,2024-08-16 06:01:00.716
246.61282348632812,2024-08-16 06:01:00.779
202.65609741210938,2024-08-16 06:01:00.847
100.05349731445312,2024-08-16 06:01:00.915
141.80349731445312,2024-08-16 06:01:00.966
-27.888214111328125,2024-08-16 06:01:01.017
61.385894775390625,2024-08-16 06:01:01.051
108.2406005859375,2024-08-16 06:01:01.099
49.74658203125,2024-08-16 06:01:01.174
-126.67189025878906,2024-08-16 06:01:01.222
131.63150024414062,2024-08-16 06:01:01.285
78.49685668945312,2024-08-16 06:01:01.351
131.64373779296875,2024-08-16 06:01:01.390
47.76690673828125,2024-08-16 06:01:01.453
157.67678833007812,2024-08-16 06:01:01.503
33.191741943359375,2024-08-16 06:01:01.555
151.77078247070312,2024-08-16 06:01:01.604
142.41653442382812,2024-08-16 06:01:01.678
129.23776245117188,2024-08-16 06:01:01.742
10.2552490234375,2024-08-16 06:01:01.787
62.76904296875,2024-08-16 06:01:01.836
79.26773071289062,2024-08-16 06:01:01.901
40.174407958984375,2024-08-16 06:01:01.953
122.72177124023438,2024-08-16 06:01:02.004
75.78402709960938,2024-08-16 06:01:02.048
96.65017700195312,2024-08-16 06:01:02.093
134.75579833984375,2024-08-16 06:01:02.157
168.615966796875,2024-08-16 06:01:02.207
173.66256713867188,2024-08-16 06:01:02.275
192.6785888671875,2024-08-16 06:01:02.323
169.17562866210938,2024-08-16 06:01:02.412
182.14791870117188,2024-08-16 06:01:02.461
86.7166748046875,2024-08-16 06:01:02.517
141.47140502929688,2024-08-16 06:01:02.584
170.20144653320312,2024-08-16 06:01:02.640
142.29202270507812,2024-08-16 06:01:02.691
88.14190673828125,2024-08-16 06:01:02.742
123.0289306640625,2024-08-16 06:01:02.807
101.18038940429688,2024-08-16 06:01:02.838
15.54559326171875,2024-08-16 06:01:02.920
23.56707763671875,2024-08-16 06:01:02.967
33.59197998046875,2024-08-16 06:01:03.016
101.21148681640625,2024-08-16 06:01:03.063
129.44906616210938,2024-08-16 06:01:03.110
81.21731567382812,2024-08-16 06:01:03.173
158.54949951171875,2024-08-16 06:01:03.223
177.84652709960938,2024-08-16 06:01:03.292
174.01791381835938,2024-08-16 06:01:03.348
61.221771240234375,2024-08-16 06:01:03.400
140.23611450195312,2024-08-16 06:01:03.477
100.963134765625,2024-08-16 06:01:03.512
156.74533081054688,2024-08-16 06:01:03.567
12.31005859375,2024-08-16 06:01:03.613
6.535858154296875,2024-08-16 06:01:03.668
7.884033203125,2024-08-16 06:01:03.731
112.13238525390625,2024-08-16 06:01:03.808
70.5858154296875,2024-08-16 06:01:03.879
119.56588745117188,2024-08-16 06:01:03.918
89.95999145507812,2024-08-16 06:01:03.977
35.660552978515625,2024-08-16 06:01:04.046
156.72793579101562,2024-08-16 06:01:04.094
142.97610473632812,2024-08-16 06:01:04.142
131.51492309570312,2024-08-16 06:01:04.191
142.55838012695312,2024-08-16 06:01:04.240
115.47433471679688,2024-08-16 06:01:04.277
38.386962890625,2024-08-16 06:01:04.355
62.172607421875,2024-08-16 06:01:04.405
150.92709350585938,2024-08-16 06:01:04.460
101.68917846679688,2024-08-16 06:01:04.506
161.44760131835938,2024-08-16 06:01:04.576
46.64996337890625,2024-08-16 06:01:04.646
94.38247680664062,2024-08-16 06:01:04.699
190.29330444335938,2024-08-16 06:01:04.749
81.73464965820312,2024-08-16 06:01:04.797
132.04690551757812,2024-08-16 06:01:04.842
113.21597290039062,2024-08-16 06:01:04.901
30.549346923828125,2024-08-16 06:01:04.979
56.9884033203125,2024-08-16 06:01:05.046
78.57275390625,2024-08-16 06:01:05.096
202.2147216796875,2024-08-16 06:01:05.155
144.25442504882812,2024-08-16 06:01:05.204
304.9420471191406,2024-08-16 06:01:05.256
149.35098266601562,2024-08-16 06:01:05.309
20.3585205078125,2024-08-16 06:01:05.363
58.514495849609375,2024-08-16 06:01:05.442
133.16741943359375,2024-08-16 06:01:05.493
42.269317626953125,2024-08-16 06:01:05.558
94.14901733398438,2024-08-16 06:01:05.597
73.40084838867188,2024-08-16 06:01:05.648
114.15841674804688,2024-08-16 06:01:05.700
-11.534912109375,2024-08-16 06:01:05.759
-6.85589599609375,2024-08-16 06:01:05.812
36.144439697265625,2024-08-16 06:01:05.860
84.64846801757812,2024-08-16 06:01:05.906
135.49789428710938,2024-08-16 06:01:05.970
78.42095947265625,2024-08-16 06:01:06.049
86.79974365234375,2024-08-16 06:01:06.106
168.66275024414062,2024-08-16 06:01:06.154
113.55496215820312,2024-08-16 06:01:06.189
226.13052368164062,2024-08-16 06:01:06.239
105.56021118164062,2024-08-16 06:01:06.300
232.91696166992188,2024-08-16 06:01:06.364
100.63839721679688,2024-08-16 06:01:06.398
34.115570068359375,2024-08-16 06:01:06.447
25.017333984375,2024-08-16 06:01:06.512
74.98025512695312,2024-08-16 06:01:06.564
104.25863647460938,2024-08-16 06:01:06.621
-12.34326171875,2024-08-16 06:01:06.683
45.8106689453125,2024-08-16 06:01:06.731
59.611572265625,2024-08-16 06:01:06.783
95.24685668945312,2024-08-16 06:01:06.832
117.29006958007812,2024-08-16 06:01:06.890
139.93603515625,2024-08-16 06:01:06.929
129.94879150390625,2024-08-16 06:01:06.980
101.01556396484375,2024-08-16 06:01:07.046
185.56600952148438,2024-08-16 06:01:07.095
93.83724975585938,2024-08-16 06:01:07.179
126.21279907226562,2024-08-16 06:01:07.234
79.45745849609375,2024-08-16 06:01:07.283
105.31130981445312,2024-08-16 06:01:07.334
96.37130737304688,2024-08-16 06:01:07.386
-30.260833740234375,2024-08-16 06:01:07.437
55.694366455078125,2024-08-16 06:01:07.506
109.43914794921875,2024-08-16 06:01:07.571
37.7930908203125,2024-08-16 06:01:07.625
172.36483764648438,2024-08-16 06:01:07.675
256.2250061035156,2024-08-16 06:01:07.750
127.02447509765625,2024-08-16 06:01:07.797
113.49017333984375,2024-08-16 06:01:07.846
161.1741943359375,2024-08-16 06:01:07.893
246.02224731445312,2024-08-16 06:01:07.966
98.46212768554688,2024-08-16 06:01:08.018
44.4593505859375,2024-08-16 06:01:08.070
61.47119140625,2024-08-16 06:01:08.153
27.6099853515625,2024-08-16 06:01:08.224
49.66290283203125,2024-08-16 06:01:08.257
200.43649291992188,2024-08-16 06:01:08.320
133.05072021484375,2024-08-16 06:01:08.389
188.72738647460938,2024-08-16 06:01:08.457
69.23358154296875,2024-08-16 06:01:08.507
59.975341796875,2024-08-16 06:01:08.553
174.53628540039062,2024-08-16 06:01:08.600
158.85189819335938,2024-08-16 06:01:08.680
126.53997802734375,2024-08-16 06:01:08.747
59.026397705078125,2024-08-16 06:01:08.799
99.69564819335938,2024-08-16 06:01:08.832
61.285888671875,2024-08-16 06:01:08.880
-13.5357666015625,2024-08-16 06:01:08.938
123.50033569335938,2024-08-16 06:01:08.985
71.09814453125,2024-08-16 06:01:09.034
72.1226806640625,2024-08-16 06:01:09.090
41.350006103515625,2024-08-16 06:01:09.137
69.6868896484375,2024-08-16 06:01:09.211
201.02340698242188,2024-08-16 06:01:09.277
101.65097045898438,2024-08-16 06:01:09.326
77.45339965820312,2024-08-16 06:01:09.381
110.32693481445312,2024-08-16 06:01:09.427
35.362884521484375,2024-08-16 06:01:09.534
87.07766723632812,2024-08-16 06:01:09.587
107.02093505859375,2024-08-16 06:01:09.640
188.62857055664062,2024-08-16 06:01:09.692
168.80081176757812,2024-08-16 06:01:09.759
170.75390625,2024-08-16 06:01:09.836
104.22531127929688,2024-08-16 06:01:09.888
172.37216186523438,2024-08-16 06:01:09.919
161.27996826171875,2024-08-16 06:01:09.974
27.127227783203125,2024-08-16 06:01:10.024
168.08346557617188,2024-08-16 06:01:10.087
6.12518310546875,2024-08-16 06:01:10.138
76.12063598632812,2024-08-16 06:01:10.183
166.50601196289062,2024-08-16 06:01:10.250
68.96786499023438,2024-08-16 06:01:10.316
169.30636596679688,2024-08-16 06:01:10.381
39.344970703125,2024-08-16 06:01:10.433
72.83877563476562,2024-08-16 06:01:10.479
104.57684326171875,2024-08-16 06:01:10.531
133.921142578125,2024-08-16 06:01:10.580
131.77474975585938,2024-08-16 06:01:10.636
79.78704833984375,2024-08-16 06:01:10.696
160.64776611328125,2024-08-16 06:01:10.744
96.52383422851562,2024-08-16 06:01:10.790
156.53134155273438,2024-08-16 06:01:10.852
125.03634643554688,2024-08-16 06:01:10.907
158.75350952148438,2024-08-16 06:01:10.968
173.48489379882812,2024-08-16 06:01:11.018
290.7848205566406,2024-08-16 06:01:11.069
149.30673217773438,2024-08-16 06:01:11.105
107.380126953125,2024-08-16 06:01:11.156
104.27066040039062,2024-08-16 06:01:11.205
152.98046875,2024-08-16 06:01:11.267
125.888427734375,2024-08-16 06:01:11.331
212.40475463867188,2024-08-16 06:01:11.396
155.42337036132812,2024-08-16 06:01:11.442
53.722137451171875,2024-08-16 06:01:11.491
80.05270385742188,2024-08-16 06:01:11.552
161.13482666015625,2024-08-16 06:01:11.616
65.46728515625,2024-08-16 06:01:11.666
137.9193115234375,2024-08-16 06:01:11.727
136.62054443359375,2024-08-16 06:01:11.789
164.34527587890625,2024-08-16 06:01:11.865
148.71865844726562,2024-08-16 06:01:11.927
16.826202392578125,2024-08-16 06:01:11.975
160.59823608398438,2024-08-16 06:01:12.037
154.6177978515625,2024-08-16 06:01:12.067
224.2283935546875,2024-08-16 06:01:12.128
220.92379760742188,2024-08-16 06:01:12.178
124.63699340820312,2024-08-16 06:01:12.211
220.57760620117188,2024-08-16 06:01:12.258
88.20599365234375,2024-08-16 06:01:12.307
101.5936279296875,2024-08-16 06:01:12.354
92.46646118164062,2024-08-16 06:01:12.432
128.64120483398438,2024-08-16 06:01:12.477
134.86038208007812,2024-08-16 06:01:12.527
81.27914428710938,2024-08-16 06:01:12.589
163.07705688476562,2024-08-16 06:01:12.657
29.276885986328125,2024-08-16 06:01:12.699
138.08255004882812,2024-08-16 06:01:12.745
102.49905395507812,2024-08-16 06:01:12.792
48.787200927734375,2024-08-16 06:01:12.839
50.014495849609375,2024-08-16 06:01:12.871
209.18215942382812,2024-08-16 06:01:12.921
61.33587646484375,2024-08-16 06:01:13.016
138.79696655273438,2024-08-16 06:01:13.066
77.54339599609375,2024-08-16 06:01:13.113
45.16510009765625,2024-08-16 06:01:13.170
179.66604614257812,2024-08-16 06:01:13.221
93.5565185546875,2024-08-16 06:01:13.267
121.82540893554688,2024-08-16 06:01:13.332
189.7401123046875,2024-08-16 06:01:13.365
80.04782104492188,2024-08-16 06:01:13.414
3.268341064453125,2024-08-16 06:01:13.460
147.17813110351562,2024-08-16 06:01:13.536
156.83352661132812,2024-08-16 06:01:13.600
219.56350708007812,2024-08-16 06:01:13.662
190.28085327148438,2024-08-16 06:01:13.714
55.45843505859375,2024-08-16 06:01:13.763
184.86209106445312,2024-08-16 06:01:13.808
56.02337646484375,2024-08-16 06:01:13.867
91.28662109375,2024-08-16 06:01:13.933
144.80941772460938,2024-08-16 06:01:13.966
125.49609375,2024-08-16 06:01:14.036
143.54306030273438,2024-08-16 06:01:14.104
53.357208251953125,2024-08-16 06:01:14.170
96.42141723632812,2024-08-16 06:01:14.207
231.32034301757812,2024-08-16 06:01:14.255
139.90426635742188,2024-08-16 06:01:14.322
57.25518798828125,2024-08-16 06:01:14.375
117.00814819335938,2024-08-16 06:01:14.427
88.9283447265625,2024-08-16 06:01:14.493
47.424072265625,2024-08-16 06:01:14.525
181.13296508789062,2024-08-16 06:01:14.595
98.4239501953125,2024-08-16 06:01:14.656
52.862884521484375,2024-08-16 06:01:14.718
-18.208648681640625,2024-08-16 06:01:14.769
120.33804321289062,2024-08-16 06:01:14.813
58.983428955078125,2024-08-16 06:01:14.868
51.659149169921875,2024-08-16 06:01:14.925
114.6636962890625,2024-08-16 06:01:14.994
51.181243896484375,2024-08-16 06:01:15.047
135.80227661132812,2024-08-16 06:01:15.116
32.745330810546875,2024-08-16 06:01:15.166
111.94241333007812,2024-08-16 06:01:15.218
102.2314453125,2024-08-16 06:01:15.291
21.805633544921875,2024-08-16 06:01:15.343
76.2891845703125,2024-08-16 06:01:15.396
14.01983642578125,2024-08-16 06:01:15.446
206.40829467773438,2024-08-16 06:01:15.495
102.6448974609375,2024-08-16 06:01:15.557
102.17410278320312,2024-08-16 06:01:15.592
194.93539428710938,2024-08-16 06:01:15.657
43.2939453125,2024-08-16 06:01:15.728
54.046630859375,2024-08-16 06:01:15.774
148.82168579101562,2024-08-16 06:01:15.836
126.30746459960938,2024-08-16 06:01:15.886
68.39138793945312,2024-08-16 06:01:15.935
167.16903686523438,2024-08-16 06:01:15.992
125.21060180664062,2024-08-16 06:01:16.043
16.23529052734375,2024-08-16 06:01:16.104
10.690093994140625,2024-08-16 06:01:16.157
196.53497314453125,2024-08-16 06:01:16.223
162.94650268554688,2024-08-16 06:01:16.274
106.94647216796875,2024-08-16 06:01:16.322
101.6962890625,2024-08-16 06:01:16.370
103.75408935546875,2024-08-16 06:01:16.434
185.42544555664062,2024-08-16 06:01:16.479
-6.4716796875,2024-08-16 06:01:16.529
130.65289306640625,2024-08-16 06:01:16.573
142.11611938476562,2024-08-16 06:01:16.629
-13.93194580078125,2024-08-16 06:01:16.694
150.96633911132812,2024-08-16 06:01:16.766
113.10775756835938,2024-08-16 06:01:16.813
55.565765380859375,2024-08-16 06:01:16.875
94.91586303710938,2024-08-16 06:01:16.923
182.81964111328125,2024-08-16 06:01:16.969
232.52810668945312,2024-08-16 06:01:17.018
88.869140625,2024-08-16 06:01:17.069
268.1347351074219,2024-08-16 06:01:17.115
48.11181640625,2024-08-16 06:01:17.166
71.294921875,2024-08-16 06:01:17.214
46.112823486328125,2024-08-16 06:01:17.294
107.82098388671875,2024-08-16 06:01:17.366
169.83901977539062,2024-08-16 06:01:17.403
128.76486206054688,2024-08-16 06:01:17.453
74.89950561523438,2024-08-16 06:01:17.504
146.68124389648438,2024-08-16 06:01:17.554
-6.787689208984375,2024-08-16 06:01:17.616
138.78250122070312,2024-08-16 06:01:17.664
130.32992553710938,2024-08-16 06:01:17.710
145.09567260742188,2024-08-16 06:01:17.759
149.22830200195312,2024-08-16 06:01:17.824
94.61322021484375,2024-08-16 06:01:17.902
73.32986450195312,2024-08-16 06:01:17.951
179.7501220703125,2024-08-16 06:01:18.005
36.911041259765625,2024-08-16 06:01:18.044
57.757568359375,2024-08-16 06:01:18.096
78.24319458007812,2024-08-16 06:01:18.164
132.51345825195312,2024-08-16 06:01:18.220
84.33758544921875,2024-08-16 06:01:18.273
187.06033325195312,2024-08-16 06:01:18.339
87.90188598632812,2024-08-16 06:01:18.411
134.938232421875,2024-08-16 06:01:18.472
127.20611572265625,2024-08-16 06:01:18.507
166.84115600585938,2024-08-16 06:01:18.556
101.74652099609375,2024-08-16 06:01:18.609
129.93658447265625,2024-08-16 06:01:18.656
20.00726318359375,2024-08-16 06:01:18.719
110.66046142578125,2024-08-16 06:01:18.766
94.38955688476562,2024-08-16 06:01:18.815
183.34573364257812,2024-08-16 06:01:18.875
84.86224365234375,2024-08-16 06:01:18.942
-19.03045654296875,2024-08-16 06:01:18.990
110.94134521484375,2024-08-16 06:01:19.053
101.20660400390625,2024-08-16 06:01:19.105
154.29623413085938,2024-08-16 06:01:19.137
149.37783813476562,2024-08-16 06:01:19.187
109.29058837890625,2024-08-16 06:01:19.235
111.714599609375,2024-08-16 06:01:19.294
121.99932861328125,2024-08-16 06:01:19.341
55.127105712890625,2024-08-16 06:01:19.388
58.70977783203125,2024-08-16 06:01:19.452
153.18411254882812,2024-08-16 06:01:19.518
0.191162109375,2024-08-16 06:01:19.576
164.62847900390625,2024-08-16 06:01:19.624
86.92568969726562,2024-08-16 06:01:19.673
118.43255615234375,2024-08-16 06:01:19.736
110.55020141601562,2024-08-16 06:01:19.783
165.02261352539062,2024-08-16 06:01:19.832
106.50582885742188,2024-08-16 06:01:19.893
46.398406982421875,2024-08-16 06:01:19.956
91.7122802734375,2024-08-16 06:01:20.007
140.57803344726562,2024-08-16 06:01:20.059
63.795379638671875,2024-08-16 06:01:20.128
3.862548828125,2024-08-16 06:01:20.178
149.01773071289062,2024-08-16 06:01:20.231
136.65225219726562,2024-08-16 06:01:20.285
52.30889892578125,2024-08-16 06:01:20.337
177.16259765625,2024-08-16 06:01:20.370
80.45822143554688,2024-08-16 06:01:20.438
125.21060180664062,2024-08-16 06:01:20.520
252.09683227539062,2024-08-16 06:01:20.571
-25.386154174804688,2024-08-16 06:01:20.642
187.65310668945312,2024-08-16 06:01:20.691
168.707275390625,2024-08-16 06:01:20.754
-19.484207153320312,2024-08-16 06:01:20.799
133.80441284179688,2024-08-16 06:01:20.865
160.93795776367188,2024-08-16 06:01:20.918
27.0418701171875,2024-08-16 06:01:20.967
97.820556640625,2024-08-16 06:01:21.027
24.931854248046875,2024-08-16 06:01:21.091
93.87533569335938,2024-08-16 06:01:21.155
121.79891967773438,2024-08-16 06:01:21.207
97.69903564453125,2024-08-16 06:01:21.251
157.16552734375,2024-08-16 06:01:21.298
185.38821411132812,2024-08-16 06:01:21.346
22.901123046875,2024-08-16 06:01:21.391
197.40603637695312,2024-08-16 06:01:21.440
48.70074462890625,2024-08-16 06:01:21.488
105.45736694335938,2024-08-16 06:01:21.550
81.36209106445312,2024-08-16 06:01:21.617
88.68121337890625,2024-08-16 06:01:21.667
83.66598510742188,2024-08-16 06:01:21.715
44.038787841796875,2024-08-16 06:01:21.764
152.90921020507812,2024-08-16 06:01:21.827
42.954864501953125,2024-08-16 06:01:21.874
78.73861694335938,2024-08-16 06:01:21.924
94.31338500976562,2024-08-16 06:01:21.967
118.87841796875,2024-08-16 06:01:22.014
112.57937622070312,2024-08-16 06:01:22.045
136.85440063476562,2024-08-16 06:01:22.125
124.36602783203125,2024-08-16 06:01:22.185
209.23394775390625,2024-08-16 06:01:22.231
75.44961547851562,2024-08-16 06:01:22.282
15.5653076171875,2024-08-16 06:01:22.342
25.3692626953125,2024-08-16 06:01:22.389
198.6622314453125,2024-08-16 06:01:22.448
0.6217041015625,2024-08-16 06:01:22.493
160.3204345703125,2024-08-16 06:01:22.539
73.60247802734375,2024-08-16 06:01:22.591
109.16342163085938,2024-08-16 06:01:22.654
80.54605102539062,2024-08-16 06:01:22.716
209.13546752929688,2024-08-16 06:01:22.766
115.11349487304688,2024-08-16 06:01:22.821
179.0068359375,2024-08-16 06:01:22.869
107.61013793945312,2024-08-16 06:01:22.918
146.10110473632812,2024-08-16 06:01:22.966
175.3677978515625,2024-08-16 06:01:23.018
59.071533203125,2024-08-16 06:01:23.072
38.147979736328125,2024-08-16 06:01:23.146
111.11419677734375,2024-08-16 06:01:23.211
118.44686889648438,2024-08-16 06:01:23.334
277.7605285644531,2024-08-16 06:01:23.403
189.37939453125,2024-08-16 06:01:23.470
120.25363159179688,2024-08-16 06:01:23.541
83.95077514648438,2024-08-16 06:01:23.614
178.88833618164062,2024-08-16 06:01:23.661
65.44827270507812,2024-08-16 06:01:23.740
102.9459228515625,2024-08-16 06:01:23.790
97.65380859375,2024-08-16 06:01:23.873
35.699249267578125,2024-08-16 06:01:23.938
221.68228149414062,2024-08-16 06:01:23.989
134.6072998046875,2024-08-16 06:01:24.057
128.07150268554688,2024-08-16 06:01:24.107
143.94146728515625,2024-08-16 06:01:24.181
164.31094360351562,2024-08-16 06:01:24.223
87.6239013671875,2024-08-16 06:01:24.293
4.001190185546875,2024-08-16 06:01:24.340
59.280914306640625,2024-08-16 06:01:24.388
100.18716430664062,2024-08-16 06:01:24.448
87.3817138671875,2024-08-16 06:01:24.494
90.41864013671875,2024-08-16 06:01:24.544
108.65264892578125,2024-08-16 06:01:24.593
98.47415161132812,2024-08-16 06:01:24.639
199.60238647460938,2024-08-16 06:01:24.690
127.05105590820312,2024-08-16 06:01:24.736
48.557373046875,2024-08-16 06:01:24.797
81.24118041992188,2024-08-16 06:01:24.859
121.20712280273438,2024-08-16 06:01:24.919
127.71023559570312,2024-08-16 06:01:24.981
97.92303466796875,2024-08-16 06:01:25.029
65.29632568359375,2024-08-16 06:01:25.087
146.25772094726562,2024-08-16 06:01:25.119
140.49490356445312,2024-08-16 06:01:25.167
20.3905029296875,2024-08-16 06:01:25.214
168.59625244140625,2024-08-16 06:01:25.264
38.86248779296875,2024-08-16 06:01:25.322
74.89242553710938,2024-08-16 06:01:25.387
213.81460571289062,2024-08-16 06:01:25.435
33.59197998046875,2024-08-16 06:01:25.480
126.96633911132812,2024-08-16 06:01:25.530
211.54354858398438,2024-08-16 06:01:25.592
43.94268798828125,2024-08-16 06:01:25.639
75.02523803710938,2024-08-16 06:01:25.686
208.3990478515625,2024-08-16 06:01:25.732
92.72097778320312,2024-08-16 06:01:25.783
92.47842407226562,2024-08-16 06:01:25.835
11.384002685546875,2024-08-16 06:01:25.906
157.30319213867188,2024-08-16 06:01:25.940
26.741851806640625,2024-08-16 06:01:26.003
143.90737915039062,2024-08-16 06:01:26.069
131.84030151367188,2024-08-16 06:01:26.118
182.38497924804688,2024-08-16 06:01:26.161
48.272216796875,2024-08-16 06:01:26.213
-9.161590576171875,2024-08-16 06:01:26.271
139.88973999023438,2024-08-16 06:01:26.319
107.79962158203125,2024-08-16 06:01:26.374
72.74172973632812,2024-08-16 06:01:26.444
143.21792602539062,2024-08-16 06:01:26.497
129.53390502929688,2024-08-16 06:01:26.540
14.014739990234375,2024-08-16 06:01:26.599
16.5775146484375,2024-08-16 06:01:26.631
88.07785034179688,2024-08-16 06:01:26.689
101.06576538085938,2024-08-16 06:01:26.734
41.574005126953125,2024-08-16 06:01:26.792
129.21115112304688,2024-08-16 06:01:26.838
73.2301025390625,2024-08-16 06:01:26.886
129.37863159179688,2024-08-16 06:01:26.929
167.29464721679688,2024-08-16 06:01:27.000
143.04702758789062,2024-08-16 06:01:27.044
71.11709594726562,2024-08-16 06:01:27.105
156.13311767578125,2024-08-16 06:01:27.136
133.85552978515625,2024-08-16 06:01:27.179
9.04901123046875,2024-08-16 06:01:27.227
8.720123291015625,2024-08-16 06:01:27.291
144.42318725585938,2024-08-16 06:01:27.335
121.00180053710938,2024-08-16 06:01:27.380
48.55242919921875,2024-08-16 06:01:27.424
101.5172119140625,2024-08-16 06:01:27.487
108.51126098632812,2024-08-16 06:01:27.543
98.98446655273438,2024-08-16 06:01:27.611
167.67666625976562,2024-08-16 06:01:27.655
163.62362670898438,2024-08-16 06:01:27.706
